tree
version=v4
num_class=1
num_tree_per_iteration=1
label_index=0
max_feature_idx=27
objective=binary sigmoid:1
feature_names=amount transaction_type merchant_category device_used time_since_last_transaction spending_deviation_score velocity_score geo_anomaly_score payment_channel hour day_of_week is_weekend is_night month log_amount is_round_amount avg_amount std_amount max_amount total_amount fraud_history_ratio spending_consistency activity_score amount_deviation is_large_tx recv_tx_count recv_fraud_cnt receiver_risk_score
feature_infos=[-0.76363087108407868:5.7405066517739334] [-1.3708380135716753:1.3683605982467044] [-1.5817505214857985:1.5812958419465351] [-1.3889051351213784:1.3900666621347095] [-2.6339027733509552:2.6407350266031773] [-4.8729434302333177:4.5735652100911004] [-1.7056859490914311:1.7061023685699437] [-1.7940721565082782:1.7947415174461223] [-1.3889622974979934:1.3895775760925324] [-1.7175477879793795:1.7198390902242506] [-1.5515390419044317:1.5520092949809667] [-0.65469928627351803:1.6373366053734308] [-0.59836319607289901:1.7911782486440031] [-1.631616782287046:1.6159889572644219] [-2.6627192179213841:1.8445378662263119] [-0.0082820033240170558:131.88529585614154] [-1.2132019306203889:7.7673611008570216] [-1.1489714135620774:5.5772018708818365] [-1.3195660521746027:4.69833251575308] [-1.1619181760538813:7.2999538677524987] [-0.53557337576794128:4.2835177702971832] [-0.66427181530526347:2.2701261460858437] [-1.9316412671480767:3.3152133246332554] [-1.303045198125891:9.4371749851950071] [-0.17191541450501069:6.0451953741588973] [-1.5436008779149222:5.4186139521935779] [-0.61818283787807393:7.2252445246674313] [-0.54927164631371139:4.2476065140908466]
tree_sizes=1114 803 804 1538 1240 906 1234 1229 1334 1227 1129 1128 1239 799 801 1330 1345 1120 1228 1242 1451 1356 1241 1349 1335 1025 1573 1350 1567 1134 1456 1035 1236 1026 1584 1575 1564 1462 1469 1474 1471 1584 1242 1577 1247 1789 1142 1351 1256 1139 1033 1771 926 1137 1037 1141 1140 1148 1037 1580 1142 1143 1142 1021 1137 914 914 1128 1034 1011 1031 1028 1039 1028 922 1033 1375 1027 1033 1249 1795 1357 1460 1029 1357 1043 1478 1356 1428 1599 1029 1254 1043 1259 1361 922 1487 1042 1476 932 1155 821 1149 1039 829 1158 830 827 1487 818 1148 1481 819 1045 1157 1497 819 829 1483 1052 825 1700 721 1497 1488 826 1258 717 1057 1036 819 1151 1490 1475 1492 819 1051 831 833 1481 716 827 1581 826 1494 835 829 1053 1494 1478 1058 836 824 1056 1039 1488 1492 1479 827 824 831 1488 1602 1023 1125 1488 1475 1502 1492 1485 1481 1045 831 1033 1050 1610 710 1491 1123 1594 1139

Tree=0
num_leaves=9
num_cat=0
split_feature=27 20 27 20 27 20 20 20
split_gain=2.93876e+06 512898 8852.52 12373 401.773 279.502 110.564 100.399
threshold=0.13640130199589848 -0.31652377821952643 -0.33123172993168598 1.0000000180025095e-35 0.41012169456472986 0.42830136695443527 0.42830136695443527 0.42830136695443527
decision_type=2 2 2 2 2 2 2 2
left_child=2 -2 -1 -4 5 -3 -5 -6
right_child=1 4 3 6 7 -7 -8 -9
leaf_value=-1.3293170890851593 -1.3293048817561364 -0.85082708312211375 -1.3291228446618832 -0.93673013759595536 -0.79699385489986696 -0.80302026794650405 -0.83663910930204877 -0.78855563687461827
leaf_weight=252955.48282766342 18008.679941236973 1451.149832367897 1211.1822022795677 149.0828840136528 19550.29228913784 9403.2962386012077 722.94153863191605 157213.35316669941
leaf_count=1424984 101449 4136 6823 497 49648 24207 1999 391562
internal_value=-1.10902 -0.837809 -1.32769 -1.1298 -0.790631 -0.809355 -0.853189 -0.789485
internal_weight=460665 205627 255039 2083.21 187618 10854.4 872.024 176764
internal_count=2005305 571002 1434303 9319 469553 28343 2496 441210
is_linear=0
shrinkage=1


Tree=1
num_leaves=6
num_cat=0
split_feature=26 20 25 20 2
split_gain=2.02964e+06 325882 164.233 224.394 10.5976
threshold=1.0000000180025095e-35 -0.31652377821952643 0.54363913134104525 0.26764209782656151 -1.58173193882713
decision_type=2 2 2 2 2
left_child=-1 -2 4 -4 -3
right_child=1 2 3 -5 -6
leaf_value=-0.12193474240012346 -0.12192342454369122 0.2991934565318814 0.27050748849257478 0.30184004323544189 0.30699577477697898
leaf_weight=235802.70402061939 17916.322277620435 4580.6911624372005 2385.8304034620523 58824.835293292999 162122.24607405066
leaf_count=1424984 108269 9632 5534 123337 333549
internal_value=0.0801583 0.274008 0.305133 0.300626 0.306784
internal_weight=481633 245830 227914 61210.7 166703
internal_count=2005305 580321 472052 128871 343181
is_linear=0
shrinkage=0.0964179


Tree=2
num_leaves=6
num_cat=0
split_feature=26 20 25 20 20
split_gain=1.54637e+06 228136 143.322 103.597 75.9757
threshold=1.0000000180025095e-35 -0.31652377821952643 1.9155127157003671 0.66922973851436185 0.66922973851436185
decision_type=2 2 2 2 2
left_child=-1 -2 4 -4 -3
right_child=1 2 3 -5 -6
leaf_value=-0.11900540442229224 -0.11899362017738054 0.24706512509544265 0.21891629329167953 0.24414634594032952 0.25115404551068754
leaf_weight=219136.2243642807 16650.134830102324 68818.820602312684 2482.4274773746729 5186.5898550748825 173897.46612378955
leaf_count=1424984 108269 131028 5269 10055 325700
internal_value=0.0708164 0.226589 0.24957 0.236032 0.249996
internal_weight=486172 267035 250385 7669.02 242716
internal_count=2005305 580321 472052 15324 456728
is_linear=0
shrinkage=0.0964179


Tree=3
num_leaves=13
num_cat=0
split_feature=20 20 8 8 3 3 20 20 3 22 20 19
split_gain=1.22917e+06 6785.16 2123.1 2669.22 2105.6 2527.53 1169.31 410.33 209.163 17.9179 33.4574 2.48876
threshold=1.0000000180025095e-35 0.42830136695443527 1.389547605120159 -1.388892353266092 1.3900542603141643 -1.3888661770997277 1.0708169467550437 -0.31652377821952643 -1.3888661770997277 2.5875101379812473 -0.035998247226192256 1.6656053102307076
decision_type=2 2 2 2 2 2 2 2 2 2 2 2
left_child=7 2 3 -2 5 -3 -6 -1 -4 11 -11 -9
right_child=1 4 8 -5 6 -7 -8 9 -10 10 -12 -13
leaf_value=-0.11647105339184298 0.096300145436271065 0.17380908190758065 0.049274972451960941 0.17700565898442389 0.15354999154976495 0.20805763052912063 0.19786181638983824 -0.013290643209812911 0.10342367709802738 0.022615761943331827 0.19361034731044974 0.012415599395518784
leaf_weight=202404.40983496606 4470.7374454885721 22372.693114027381 825.46113589406013 26106.36249256134 12345.837843582034 197923.42875748873 10136.264983981848 54.911428332328796 3532.2534126937389 44.695884019136429 12.871495902538298 88.724240705370903
leaf_count=1420041 15882 54062 3483 62666 33457 381588 20999 280 12203 206 23 415
internal_value=0.0642462 0.195989 0.156235 0.165212 0.201708 0.204581 0.173543 -0.116334 0.0931967 0.0209826 0.0656612 0.00230066
internal_weight=480319 277713 34934.8 30577.1 242778 220296 22482.1 202606 4357.71 201.203 57.5674 143.636
internal_count=2005305 584340 94234 78548 490106 435650 54456 1420965 15686 924 229 695
is_linear=0
shrinkage=0.0964179


Tree=4
num_leaves=10
num_cat=0
split_feature=27 20 26 20 27 20 20 27 20
split_gain=1.04386e+06 135135 1111.28 1076.42 216.631 138.926 58.0873 55.4614 33.8102
threshold=0.051343174262642698 -0.31652377821952643 1.0000000180025095e-35 1.0000000180025095e-35 0.41012169456472986 0.66922973851436185 1.0000000180025095e-35 1.0497027235663763 0.66922973851436185
decision_type=2 2 2 2 2 2 2 2 2
left_child=2 -2 6 -4 5 -3 -1 -6 -5
right_child=1 4 3 8 7 -7 -8 -9 -10
leaf_value=-0.11426735118044891 -0.11425234434276202 0.16879320589062477 -0.11355194941094431 0.097664429803037273 0.19228416112505395 0.18852925726273329 -0.12020036471215712 0.19539806770316967 0.16921095612477344
leaf_weight=173000.73719504476 13975.419555455446 5080.7024440914392 295.76509085297585 107.05546079576015 105951.41019256413 11098.857699632645 17843.048591226339 142869.15816126764 194.65637567639351
leaf_count=1312479 106027 10044 2243 263 189123 20155 112505 252087 379
internal_value=0.058969 0.177948 -0.114412 0.0167826 0.193359 0.182351 -0.114823 0.194074 0.144593
internal_weight=470417 278976 191441 597.477 265000 16179.6 190844 248821 301.712
internal_count=2005305 577436 1427869 2885 471409 30199 1424984 441210 642
is_linear=0
shrinkage=0.0964179


Tree=5
num_leaves=7
num_cat=0
split_feature=26 20 25 25 20 10
split_gain=874893 111934 128.406 138.605 39.9988 34.9988
threshold=1.0000000180025095e-35 -0.31652377821952643 1.240320354135134 1.2412975765866106 1.0000000180025095e-35 -1.5514271540784927
decision_type=2 2 2 2 2 2
left_child=4 -2 5 -4 -1 -3
right_child=1 2 3 -5 -6 -7
leaf_value=-0.11233973634028571 -0.1123246944145192 0.16961379675827831 0.15678235870840646 0.17329166448718772 -0.11750584061205972 0.17663263738714155
leaf_weight=159661.02737779915 13170.836132735014 8151.8380932211876 6651.098000228405 19189.94271042943 16556.039313092828 229821.45046269894
leaf_count=1312479 108269 14886 12735 34840 112505 409591
internal_value=0.0551281 0.16198 0.175676 0.169054 -0.112826 0.176393
internal_weight=453202 276985 263814 25841 176217 237973
internal_count=2005305 580321 472052 47575 1424984 424477
is_linear=0
shrinkage=0.0964179


Tree=6
num_leaves=10
num_cat=0
split_feature=27 20 27 20 27 20 27 20 20
split_gain=744494 91066.1 900.833 746.884 212.391 146.813 59.2227 30.9427 27.5001
threshold=0.051343174262642698 -0.31652377821952643 -0.33123172993168598 1.0000000180025095e-35 0.41012169456472986 0.66922973851436185 0.64998966097664057 0.66922973851436185 1.0000000180025095e-35
decision_type=2 2 2 2 2 2 2 2 2
left_child=2 -2 8 -4 5 -3 -6 -5 -1
right_child=1 4 3 7 6 -7 -8 -9 -10
leaf_value=-0.11064766104459496 -0.11063112100738544 0.13755273593600467 -0.10984562638860453 0.071022853162082678 0.15906805617282946 0.15781090971385103 0.16369191691336704 0.13827715029513804 -0.11516655388058003
leaf_weight=147092.93904908001 11882.768231473863 5037.4422640651464 251.64752411842346 108.11860233545303 32711.767655223608 10856.161251321435 209379.65988391638 192.14719741046429 15324.485114142299
leaf_count=1312479 106027 10044 2243 263 60413 20155 380797 379 112505
internal_value=0.0520646 0.15033 -0.110657 0.0122222 0.162351 0.151407 0.163068 0.114685 -0.111075
internal_weight=432837 269868 162969 551.913 257985 15893.6 242091 300.266 162417
internal_count=2005305 577436 1427869 2885 471409 30199 441210 642 1424984
is_linear=0
shrinkage=0.0964179


Tree=7
num_leaves=10
num_cat=0
split_feature=27 20 26 20 27 27 25 20 20
split_gain=640066 76743.7 828.555 642.208 218.302 115.467 97.1574 27.2737 18.7914
threshold=0.051343174262642698 -0.31652377821952643 1.0000000180025095e-35 1.0000000180025095e-35 0.25020903459048666 0.64998966097664057 1.93910325976135 0.66922973851436185 1.0000000180025095e-35
decision_type=2 2 2 2 2 2 2 2 2
left_child=2 -2 8 -4 6 -6 -3 -5 -1
right_child=1 4 3 7 5 -7 -8 -9 -10
leaf_value=-0.10915690473949459 -0.10913933155896394 0.11373738788235213 -0.10830005761530669 0.064503035700243183 0.14759159294525959 0.15322170458428641 0.14344060519504154 0.127907527461393 -0.11312528753904784
leaf_weight=135306.67630262673 10930.764068499207 1943.0914401561022 231.63880065083504 107.74770174920559 42872.574973657727 202455.90997241437 2353.0335649102926 188.02623972296715 14154.575386144221
leaf_count=1312479 106027 4096 2243 263 81962 380797 4554 379 112505
internal_value=0.0495666 0.140908 -0.109108 0.0114328 0.151858 0.152239 0.130062 0.105403 -0.109534
internal_weight=410544 260555 149989 527.413 249625 245328 4296.13 295.774 149461
internal_count=2005305 577436 1427869 2885 471409 462759 8650 642 1424984
is_linear=0
shrinkage=0.0964179


Tree=8
num_leaves=11
num_cat=0
split_feature=27 27 27 25 25 27 26 25 8 27
split_gain=554850 4720.23 1125.19 1160.36 959.414 2609.03 175.018 151.357 115.725 4.21422
threshold=1.0000000180025095e-35 0.41012169456472986 1.0497027235663763 0.54517633246108343 1.2412975765866106 0.25020903459048666 1.0000000180025095e-35 -0.84736644215247259 -1.388892353266092 -0.063628669622134662
decision_type=2 2 2 2 2 2 2 2 2 2
left_child=6 4 3 -3 8 -6 -1 -4 -2 -8
right_child=1 2 7 -5 5 -7 9 -9 -10 -11
leaf_value=-0.10817308923918417 0.032589648758525228 0.12269531841617515 0.13849879298566456 0.14562290630519256 0.058688389563245319 0.14955148563940593 -0.02812829356194765 0.14540043633220667 0.06406456739448925 0.010552077880936997
leaf_weight=137346.77758845687 1364.786594145 72200.983226180077 48586.880648709834 28801.248059406877 6005.0804495960474 5759.8458292633295 33.198921576142311 81512.500335268676 5526.4482994675636 103.56150148808956
leaf_count=1424984 6870 187378 105493 57351 26265 11067 214 161724 23365 594
internal_value=0.0474914 0.13312 0.136887 0.129236 0.0864491 0.10319 -0.108065 0.142825 0.0578453 0.000683918
internal_weight=387241 249758 231102 101002 18656.2 11764.9 137484 130099 6891.23 136.76
internal_count=2005305 579513 511946 244729 67567 37332 1425792 267217 30235 808
is_linear=0
shrinkage=0.0964179


Tree=9
num_leaves=10
num_cat=0
split_feature=27 20 27 20 27 20 20 27 20
split_gain=480348 67653.9 701.166 547.958 200.175 211.043 25.4422 25.432 8.72217
threshold=0.051343174262642698 -0.31652377821952643 -0.33123172993168598 1.0000000180025095e-35 0.64998966097664057 0.26764209782656151 0.66922973851436185 1.0496798749141794 1.0000000180025095e-35
decision_type=2 2 2 2 2 2 2 2 2
left_child=2 -2 8 -4 5 -3 -5 -6 -1
right_child=1 4 3 6 7 -7 -8 -9 -10
leaf_value=-0.1066679783509725 -0.1090885061196057 0.099148494473029578 -0.10745337887453089 0.05477532335126864 0.14058164851915636 0.13239492826212926 0.11633150104860164 0.13764171589663363 -0.10980426012408574
leaf_weight=114016.04227362573 10887.771545276046 1888.741143912077 220.13380432128906 106.64970365166664 41251.27029761672 41715.437244549394 180.70551556348801 143720.43703892827 12040.71882379055
leaf_count=1312479 106027 4199 2243 263 84147 86413 379 296650 112505
internal_value=0.0454149 0.125715 -0.106514 0.00650419 0.1369 0.130959 0.0940404 0.138299 -0.106969
internal_weight=366028 239464 126564 507.489 228576 43604.2 287.355 184972 126057
internal_count=2005305 577436 1427869 2885 471409 90612 642 380797 1424984
is_linear=0
shrinkage=0.0964179


Tree=10
num_leaves=9
num_cat=0
split_feature=27 20 27 20 27 26 20 20
split_gain=421227 59671.9 236.849 200.707 65.0429 19.3234 28.2049 5.55945
threshold=-0.063628669622134662 -0.31652377821952643 0.41012169456472986 0.66922973851436185 0.64998966097664057 1.0000000180025095e-35 1.0707483789858514 1.0000000180025095e-35
decision_type=2 2 2 2 2 2 2 2
left_child=5 -2 3 -3 -4 7 -7 -1
right_child=1 2 4 -5 -6 6 -8 -9
leaf_value=-0.10563057976272515 -0.10776544501011331 0.10210321237146511 0.12734308313358153 0.12683022154923934 0.13253132923155123 -0.089790057023473424 0.093498687793151028 -0.10840945086903586
leaf_weight=104502.82058695704 10188.983181394637 4594.437960267067 27614.901962071657 9547.1786862164736 174909.62701700628 20.994081057608131 10.269542843103407 11067.723828800023
leaf_count=1312479 108098 10287 60413 20512 380797 192 22 112505
internal_value=0.0439187 0.120253 0.130977 0.118812 0.131825 -0.105878 -0.0268605 -0.105899
internal_weight=342457 226855 216666 14141.6 202525 115602 31.2636 115571
internal_count=2005305 580107 472009 30799 441210 1425198 214 1424984
is_linear=0
shrinkage=0.0964179


Tree=11
num_leaves=9
num_cat=0
split_feature=27 20 27 20 27 26 20 20
split_gain=370954 52027.2 263.322 201.49 69.7721 18.875 24.5403 3.3045
threshold=-0.063628669622134662 -0.31652377821952643 0.41012169456472986 0.66922973851436185 0.64998966097664057 1.0000000180025095e-35 1.0707483789858514 1.0000000180025095e-35
decision_type=2 2 2 2 2 2 2 2
left_child=5 -2 3 -3 -4 7 -7 -1
right_child=1 2 4 -5 -6 6 -8 -9
leaf_value=-0.10470671720344782 -0.10660265401221707 0.095884846872663271 0.12215987381404604 0.12116712031339334 0.12766950572368199 -0.085665385090175308 0.088013982158830717 -0.10717433507982339
leaf_weight=95693.396893821657 9348.4089597985148 4429.1505504846573 26087.164248481393 9054.4899114966393 164576.39933748543 20.010247796773914 9.9722668677568418 10160.542751014233
leaf_count=1312479 108098 10287 60413 20512 380797 192 22 112505
internal_value=0.0426266 0.115805 0.125991 0.112877 0.126917 -0.104924 -0.0252204 -0.104946
internal_weight=319380 213496 204147 13483.6 190664 105884 29.9825 105854
internal_count=2005305 580107 472009 30799 441210 1425198 214 1424984
is_linear=0
shrinkage=0.0964179


Tree=12
num_leaves=10
num_cat=0
split_feature=27 20 27 20 27 26 20 20 20
split_gain=327816 45574.6 291.268 203.921 75.4243 18.4548 21.3583 1.69099 0.949936
threshold=-0.063628669622134662 -0.31652377821952643 0.41012169456472986 0.66922973851436185 0.64998966097664057 1.0000000180025095e-35 1.0707483789858514 1.0000000180025095e-35 0.42824070532760433
decision_type=2 2 2 2 2 2 2 2 2
left_child=5 -2 3 -3 -4 7 8 -1 -7
right_child=1 2 4 -5 -6 6 -8 -9 -10
leaf_value=-0.10388233864794311 -0.10556892989260383 0.090215430821261891 0.11763318316978665 0.11620358780212629 0.12352014733268134 -0.09666090762573952 0.083008983912874951 -0.10607768998626686 -0.026038105834786222
leaf_weight=87553.296161450446 8568.1802325844765 4262.1743948608637 24555.31055098772 8555.8855971246958 154217.59998619556 13.591488279402261 9.6659606844186765 9317.3208370059729 5.5096123516559592
leaf_count=1312479 108098 10287 60413 20512 380797 175 22 112505 17
internal_value=0.0414985 0.111972 0.121701 0.107577 0.122713 -0.104073 -0.0236559 -0.104096 -0.0816258
internal_weight=297059 200159 191591 12818.1 178773 96899.4 28.7671 96870.6 19.1011
internal_count=2005305 580107 472009 30799 441210 1425198 214 1424984 192
is_linear=0
shrinkage=0.0964179


Tree=13
num_leaves=6
num_cat=0
split_feature=26 20 25 20 20
split_gain=290492 40129.8 197.743 182.916 83.5138
threshold=1.0000000180025095e-35 -0.31652377821952643 1.240320354135134 0.42830136695443527 0.26764209782656151
decision_type=2 2 2 2 2
left_child=-1 -2 4 -4 -3
right_child=1 2 3 -5 -6
leaf_value=-0.103336209952773 -0.10464695056829072 0.10758401959688745 0.084544782909436123 0.11233697316534499 0.11949069385435195
leaf_weight=88581.466158941388 7857.3527073562145 5913.2613719850779 2598.6638777256012 15962.18723718822 154759.75413531065
leaf_count=1424984 108269 15537 6604 40971 408940
internal_value=0.0405037 0.108608 0.117957 0.108455 0.119054
internal_weight=275673 187091 179234 18560.9 160673
internal_count=2005305 580321 472052 47575 424477
is_linear=0
shrinkage=0.0964179


Tree=14
num_leaves=6
num_cat=0
split_feature=26 20 20 10 12
split_gain=258060 35398.6 202.555 135.175 71.0183
threshold=1.0000000180025095e-35 -0.31652377821952643 0.42830136695443527 -1.5514271540784927 1.7911462569582157
decision_type=2 2 2 2 2
left_child=-1 -2 3 -3 -4
right_child=1 2 4 -5 -6
leaf_value=-0.10265713506265135 -0.10382466020352454 0.068533827837708519 0.11656477894344303 0.10714168565620272 0.10896737395977217
leaf_weight=80945.357339084148 7188.875907689333 899.99180391430855 134500.13755039871 18687.749182254076 13120.599710896611
leaf_count=1424984 108269 2621 380333 51663 37435
internal_value=0.0396169 0.105653 0.11466 0.105375 0.115891
internal_weight=255343 174397 167208 19587.7 147621
internal_count=2005305 580321 472052 54284 417768
is_linear=0
shrinkage=0.0964179


Tree=15
num_leaves=11
num_cat=0
split_feature=20 20 12 12 8 8 20 20 20 22
split_gain=226766 1620.06 979.292 1418.79 277.24 329.841 142.106 131.159 89.817 7.09962
threshold=1.0000000180025095e-35 0.66922973851436185 1.7911462569582157 -0.59831617770751122 1.389547605120159 -1.388892353266092 0.26764209782656151 1.0708169467550437 -0.31652377821952643 2.5875101379812473
decision_type=2 2 2 2 2 2 2 2 2 2
left_child=8 2 3 -2 5 -3 -4 -6 -1 -10
right_child=1 4 6 -5 7 -7 -8 -9 9 -11
leaf_value=-0.10200177082464768 0.080700972204992297 0.09341618894635248 0.01635409904225097 0.11782328798788594 0.080490370360148472 0.11194313855393997 0.056732762822064395 0.10291044149282111 -0.030281378735799735 0.021922173695594113
leaf_weight=73288.518076471984 30043.522612683475 9978.4119003862143 990.45759773999453 14075.681690692902 4322.8506568074226 93027.438862778246 4560.7713848277926 5741.1850578561425 77.900034252554178 32.690268456935883
leaf_count=1420041 132758 38985 6881 41771 18943 300205 24342 20455 695 229
internal_value=0.038818 0.102272 0.087745 0.092549 0.108652 0.11015 0.0495417 0.0932982 -0.101871 -0.0144347
internal_weight=236139 162740 49670.4 44119.2 113070 103006 5551.23 10064 73399.1 110.59
internal_count=2005305 584340 205752 174529 378588 339190 31223 39398 1420965 924
is_linear=0
shrinkage=0.0964179


Tree=16
num_leaves=11
num_cat=0
split_feature=27 20 27 27 20 20 27 20 20 20
split_gain=208502 27331.9 422.428 315.235 233.46 183.373 116.864 15.9327 5.30902 2.95684
threshold=0.051343174262642698 -0.31652377821952643 0.41012169456472986 -0.33123172993168598 0.66922973851436185 0.27573826759077841 0.64998966097664057 1.0708169467550437 1.0000000180025095e-35 1.0000000180025095e-35
decision_type=2 2 2 2 2 2 2 2 2 2
left_child=3 -2 4 9 -3 8 -4 -7 -5 -1
right_child=1 2 6 5 -6 7 -8 -9 -10 -11
leaf_value=-0.10136102821311573 -0.10244231907472506 0.069694175828418428 0.1036326701040096 -0.10058962914957313 0.10089838016582806 0.03104690211121303 0.11193427937151898 0.090151491065216416 -0.038262909168978274 -0.10410286832021434
leaf_weight=60918.944522164762 5891.811750318855 3438.0895864516497 18767.627290010452 118.99693773686886 6495.3913124203682 132.96084989607334 116526.3367163837 65.212079450488091 19.426692873239517 7697.7718260101974
leaf_count=1312479 106027 10044 60413 2243 20155 394 380797 188 60 112505
internal_value=0.0377185 0.101112 0.109372 -0.101215 0.0901149 -0.00797824 0.110784 0.0512436 -0.0926382 -0.101672
internal_weight=220073 151119 145227 68953.3 9933.48 336.597 135294 198.173 138.424 68616.7
internal_count=2005305 577436 471409 1427869 30199 2885 441210 582 2303 1424984
is_linear=0
shrinkage=0.0964179


Tree=17
num_leaves=9
num_cat=0
split_feature=26 25 25 25 11 11 25 26
split_gain=186041 1655.27 798.2 1188.74 449.806 541.251 253.478 151.807
threshold=1.0000000180025095e-35 1.240320354135134 1.2412975765866106 1.9155127157003671 1.6373059191125916 -0.65460502750834149 -0.15117255224238041 1.3739678919141143
decision_type=2 2 2 2 2 2 2 2
left_child=-1 4 7 -4 5 -2 -6 -3
right_child=1 2 3 -5 6 -7 -8 -9
leaf_value=-0.10116312100551758 0.099132238091747704 0.03042428234518553 0.11433853369585351 0.05229258263026404 0.10136968737209356 0.11301631588662875 0.074825501610841075 0.079231256889325918
leaf_weight=62607.70062571764 67151.319075979292 4220.1020145229995 5834.7259921729565 5665.0168513692915 5831.5690408498049 43047.299746483564 7979.3412074297667 690.34950624406338
leaf_count=1424984 276390 30279 19516 34769 23486 151175 41320 3386
internal_value=0.0370592 0.0986879 0.0698896 0.0837881 0.102498 0.104558 0.0860467 0.0373169
internal_weight=203027 140420 16410.2 11499.7 124010 110199 13810.9 4910.45
internal_count=2005305 580321 87950 54285 492371 427565 64806 33665
is_linear=0
shrinkage=0.0964179


Tree=18
num_leaves=10
num_cat=0
split_feature=27 20 27 20 26 20 20 20 20
split_gain=165080 25413 467.375 392.619 264.481 157.654 50.1712 15.4082 4.83561
threshold=0.051343174262642698 -0.31652377821952643 0.64998966097664057 0.42830136695443527 1.0000000180025095e-35 0.27573826759077841 0.42830136695443527 1.0708169467550437 1.0000000180025095e-35
decision_type=2 2 2 2 2 2 2 2 2
left_child=4 -2 3 -3 -1 8 -4 -7 -6
right_child=1 2 6 -5 5 7 -8 -9 -10
leaf_value=-0.10070698068488186 -0.1022958020963521 0.063444411727259037 0.10170585439091602 0.098021058736425845 -0.1002495091667526 0.024255396705734525 0.10865016203944236 0.084217459224786642 -0.039681938961010674
leaf_weight=57097.9320464544 5754.928379945457 3573.9135649949312 11550.368890672922 21723.370682150126 113.99542954564095 127.49310736358166 88614.524134404957 59.732882395386696 19.33547568321228
leaf_count=1424984 106027 12127 42017 78485 2243 394 338780 188 60
internal_value=0.0361336 0.0957989 0.104887 0.0931419 -0.100217 -0.0126845 0.107851 0.044129 -0.092309
internal_weight=188636 131217 125462 25297.3 57418.5 320.557 100165 187.226 133.331
internal_count=2005305 577436 471409 90612 1427869 2885 380797 582 2303
is_linear=0
shrinkage=0.0964179


Tree=19
num_leaves=10
num_cat=0
split_feature=27 20 27 20 27 20 20 20 20
split_gain=147686 22624.2 503.014 395.207 253.528 138.659 56.2118 14.7211 5.66934
threshold=0.051343174262642698 -0.31652377821952643 0.64998966097664057 0.42830136695443527 -0.33123172993168598 0.27573826759077841 0.42830136695443527 0.66922973851436185 1.0000000180025095e-35
decision_type=2 2 2 2 2 2 2 2 2
left_child=4 -2 3 -3 -1 8 -4 -7 -6
right_child=1 2 6 -5 5 7 -8 -9 -10
leaf_value=-0.10029626697885825 -0.10171792678502396 0.059882707280957313 0.099302473917822515 0.095366137678079804 -0.099572604254281563 0.0049441267794736159 0.10690468348545303 0.062106761349492466 -0.035690460030244009
leaf_weight=52051.638924185187 5254.1980384960771 3428.9164030402899 10730.113202609122 20248.861974529922 104.19716579094529 68.396732345223427 81718.484290577471 114.04038980603218 19.590237975120544
leaf_count=1424984 106027 12127 42017 78485 2243 203 338780 379 60
internal_value=0.0355675 0.0939516 0.102806 0.0902335 -0.0997815 -0.0121057 0.106024 0.0411022 -0.0903359
internal_weight=173738 121381 116126 23677.8 52357.9 306.225 92448.6 182.437 123.787
internal_count=2005305 577436 471409 90612 1427869 2885 380797 582 2303
is_linear=0
shrinkage=0.0964179


Tree=20
num_leaves=12
num_cat=0
split_feature=27 27 25 27 26 27 27 3 25 27 25
split_gain=132243 1981.15 915.367 1459.43 907.983 281.324 1431.87 174.065 122.354 167.73 110.72
threshold=0.13640130199589848 0.64998966097664057 0.54517633246108343 0.41012169456472986 1.0000000180025095e-35 1.0497027235663763 1.0496798749141794 -1.3888661770997277 2.634102411237826 0.051343174262642698 -0.84736644215247259
decision_type=2 2 2 2 2 2 2 2 2 2 2
left_child=4 2 7 -4 -1 6 -3 -2 -6 -10 -7
right_child=1 5 3 -5 8 10 -8 -9 9 -11 -12
leaf_value=-0.099926135407729433 0.0060743023807467746 0.10814103498443207 0.052759260551772755 0.10898113373573351 -0.037200480133651487 0.098053601648540503 0.064727088323865437 0.046099730953654869 -0.011562739069252715 0.112488375757279 0.10693301820420692
leaf_weight=47433.764822218567 1224.5650741234422 19069.182592220604 8734.8464403003454 8456.1091661155224 532.58591292798519 21437.5590627864 11241.829011514783 5837.9045693054795 292.78328341245651 152.80323305726051 35505.843459825963
leaf_count=1424984 10849 84640 59056 35836 5908 105493 71934 41470 2885 526 161724
internal_value=0.0350343 0.0928061 0.0684153 0.0804241 -0.0980299 0.099584 0.092045 0.0391678 -0.00602927 0.0311468 0.103594
internal_weight=159920 111508 24253.4 17191 48411.9 87254.4 30311 7062.47 978.172 445.587 56943.4
internal_count=2005305 571002 147211 94892 1434303 423791 156574 52319 9319 3411 267217
is_linear=0
shrinkage=0.0964179


Tree=21
num_leaves=11
num_cat=0
split_feature=20 27 27 20 20 27 27 22 26 26
split_gain=118361 19946.9 571.142 289.262 280.735 159.583 154.785 24.0784 11.5468 2.59647
threshold=0.067329754175696255 -0.063628669622134662 0.41012169456472986 -0.31652377821952643 0.66922973851436185 1.0497027235663763 0.41012169456472986 2.284768560837489 1.0000000180025095e-35 1.0000000180025095e-35
decision_type=2 2 2 2 2 2 2 2 2 2
left_child=3 8 4 -1 -3 -4 9 -8 -2 -5
right_child=1 2 5 6 -6 -7 7 -9 -10 -11
leaf_value=-0.099651895162037818 -0.10102978349397422 0.049775168806761097 0.096749020004785538 -0.098774183739162788 0.087909892067277229 0.10491069313759858 0.0062409064744733374 0.071853521472184753 -0.0071782698476886555 -0.059630062914959481
leaf_weight=43395.354680716991 4847.3305108062923 2826.3852887004614 40231.927412509918 103.27878885343671 4983.2676858827472 51709.837114535272 101.50209350883961 108.66464811563492 13.305572316050528 36.971031874418259
leaf_count=1420041 110631 10149 188640 2581 20512 251631 474 465 43 138
internal_value=0.0342273 0.0899181 0.0992123 -0.0989472 0.0741262 0.101341 -0.0115242 0.0406228 -0.100783 -0.0894996
internal_weight=148358 104612 99751.4 43745.8 7809.65 91941.8 350.417 210.167 4860.64 140.25
internal_count=2005305 581606 470932 1423699 30661 440271 3658 939 110674 2719
is_linear=0
shrinkage=0.0964179


Tree=22
num_leaves=10
num_cat=0
split_feature=20 27 27 20 20 20 27 27 27
split_gain=106098 18049.4 623.087 437.777 76.0993 32.932 28.1347 11.6547 6.47149
threshold=1.0000000180025095e-35 -0.063628669622134662 0.64998966097664057 0.66922973851436185 0.42830136695443527 -0.31652377821952643 1.4055679163278392 -0.33123172993168598 0.46789634464989233
decision_type=2 2 2 2 2 2 2 2 2
left_child=5 7 3 -3 -4 -1 8 -2 -7
right_child=1 2 4 -5 -6 6 -8 -9 -10
leaf_value=-0.099345101794690333 -0.10057642820721957 0.062008888369983514 0.09272239819646462 0.092367530892685026 0.10259596618924832 -0.093827676366449925 0.068875681785198581 -0.0065426369277032971 -0.024510041097601465
leaf_weight=39522.369293857366 4492.0420548990369 6696.9508262500167 8494.4992148131132 13113.336130060256 64046.139658249915 32.79087096452713 17.293892025947571 13.344070136547087 24.704362511634827
leaf_count=1420041 112505 28806 41879 62327 338780 744 71 43 109
internal_value=0.0337431 0.088104 0.0972977 0.0821123 0.101442 -0.0992233 -0.0336461 -0.100308 -0.066126
internal_weight=136453 96856.3 92350.9 19810.3 72540.6 39597.2 74.7891 4505.39 57.4952
internal_count=2005305 584340 471792 91133 380659 1420965 924 112548 853
is_linear=0
shrinkage=0.0964179


Tree=23
num_leaves=11
num_cat=0
split_feature=20 27 27 20 20 27 27 22 27 27
split_gain=95153.7 15887.6 655.871 276.72 246.446 188.427 118.124 14.8526 14.8168 11.7535
threshold=0.067329754175696255 -0.063628669622134662 0.41012169456472986 0.66922973851436185 -0.31652377821952643 1.0497027235663763 0.64998966097664057 2.284768560837489 0.25020903459048666 -0.33123172993168598
decision_type=2 2 2 2 2 2 2 2 2 2
left_child=4 9 3 -3 -1 -4 8 -8 -6 -2
right_child=1 2 5 -5 6 -7 7 -9 -10 -11
leaf_value=-0.099067990434952333 -0.10017249411720758 0.042491254720772767 0.092872578919558801 0.082250054769390638 -0.093045065494999801 0.10246736712575921 0.01353204604805559 0.074557578099632413 -0.031198474240019623 -0.0059646306463066847
leaf_weight=35985.113188255578 4029.739008102566 2620.4949433803558 34478.578187093139 4341.9402282834053 101.12654784508049 43695.763721033931 70.958612315356731 82.334750257432461 62.234267801046371 13.379051089286802
leaf_count=1420041 110631 10149 188640 20512 2635 251631 364 401 258 43
internal_value=0.0332724 0.086841 0.09571 0.0673042 -0.0983226 0.0982381 -0.0134285 0.0469745 -0.0702344 -0.0998722
internal_weight=125482 89179.9 85136.8 6962.44 36301.8 78174.3 316.654 153.293 163.361 4043.12
internal_count=2005305 581606 470932 30661 1423699 440271 3658 765 2893 110674
is_linear=0
shrinkage=0.0964179


Tree=24
num_leaves=11
num_cat=0
split_feature=20 27 27 20 20 27 20 27 26 26
split_gain=85332.7 14184.9 696.903 433.1 241.292 101.199 84.3376 22.5063 11.8434 5.11105
threshold=0.067329754175696255 -0.063628669622134662 0.64998966097664057 0.66922973851436185 -0.31652377821952643 0.41012169456472986 0.66922973851436185 1.0497027235663763 1.0000000180025095e-35 1.0000000180025095e-35
decision_type=2 2 2 2 2 2 2 2 2 2
left_child=4 8 3 -3 -1 9 -4 -7 -2 -6
right_child=1 2 6 -5 5 7 -8 -9 -10 -11
leaf_value=-0.098817547331173317 -0.099805438737371494 0.055927563713981401 0.093171660531366718 0.088024803680266661 -0.097155866657135742 0 0.10117113548702013 0.066132771468379523 -0.0054387895377434577 -0.048337058604786994
leaf_weight=32756.277252394706 3672.1458224523813 5996.9065328687429 17742.785974495113 11334.085416741669 78.888271640986204 100.26250739395618 43559.105737097561 88.094762600958347 13.41085062921047 38.754186749458313
leaf_count=1420041 110631 28573 106626 62327 2581 483 273406 456 43 138
internal_value=0.0328123 0.0853614 0.0940271 0.0769267 -0.0980213 -0.0125931 0.0988589 0.0310429 -0.0994744 -0.0822417
internal_weight=115381 82318.4 78632.9 17331 33062.3 306 61301.9 188.357 3685.56 117.642
internal_count=2005305 581606 470932 90900 1423699 3658 380032 939 110674 2719
is_linear=0
shrinkage=0.0964179


Tree=25
num_leaves=8
num_cat=0
split_feature=20 26 25 25 20 20 22
split_gain=76542.7 12838.8 504.572 308.925 230.28 31.2706 5.69642
threshold=1.0000000180025095e-35 1.0000000180025095e-35 1.240320354135134 1.2412975765866106 0.42830136695443527 -0.31652377821952643 2.5875101379812473
decision_type=2 2 2 2 2 2 2
left_child=5 -2 4 -4 -3 -1 -7
right_child=1 2 3 -5 -6 6 -8
leaf_value=-0.098591081784672935 -0.09947255144352711 0.079614889356049615 0.042079526240348983 0.081962378683315587 0.097352489170951753 -0.049078049743274711 0.0098604475053618058
leaf_weight=29810.440942810848 3399.7449383568019 7830.365347892046 2532.7009332999587 6377.392915174365 56080.615677833557 47.512903574854136 20.082917302846909
leaf_count=1420041 112505 47510 12714 34814 376797 695 229
internal_value=0.0323567 0.0836302 0.0921811 0.0706393 0.0951819 -0.0984416 -0.0312207
internal_weight=106099 76220.8 72821.1 8910.09 63911 29878 67.5958
internal_count=2005305 584340 471835 47528 424307 1420965 924
is_linear=0
shrinkage=0.0964179


Tree=26
num_leaves=13
num_cat=0
split_feature=20 20 11 11 11 11 20 25 20 22 20 19
split_gain=68667.4 1152.35 702.302 1168.72 231.011 270.456 210.083 156.196 143.878 41.4273 54.8249 5.46806
threshold=0.067329754175696255 0.66922973851436185 1.6373059191125916 -0.65460502750834149 1.6373059191125916 -0.65460502750834149 -0.31652377821952643 0.54363913134104525 1.0708169467550437 2.284768560837489 1.0000000180025095e-35 3.6972596109482896
decision_type=2 2 2 2 2 2 2 2 2 2 2 2
left_child=6 2 3 -2 5 -3 -1 -4 -6 11 -11 -8
right_child=1 4 7 -5 8 -7 9 -9 -10 10 -12 -13
leaf_value=-0.09838617227080132 0.054030501371482922 0.087174065434532655 0.038627279936630121 0.1039418970048606 0.05346683844686647 0.10306966664682492 -0.052274256555194777 -0.0063340471598192739 0.085364844234039977 -0.028061158109619837 0.10190889085799198 0.0022587097721115446
leaf_weight=27124.011971578002 12765.102399630472 25945.669937847182 1832.2360725086182 6635.1790469139814 2266.3088655564934 16355.816937744617 143.90798088535666 1178.1396137755364 3202.1173599101603 68.013234339654446 51.512705445289612 17.791139200329781
leaf_count=1420041 123125 210486 22750 44668 22428 119753 2194 12475 25921 924 294 246
internal_value=0.0318983 0.0824397 0.0643858 0.07111 0.0909063 0.0933246 -0.0975263 0.0210252 0.0721713 -0.0143802 0.0282598 -0.0460891
internal_weight=97585.8 70180.6 22410.7 19400.3 47769.9 42301.5 27405.2 3010.38 5468.43 281.225 119.526 161.699
internal_count=2005305 581606 203018 167793 378588 330239 1423699 35225 48349 3658 1218 2440
is_linear=0
shrinkage=0.0964179


Tree=27
num_leaves=11
num_cat=0
split_feature=20 20 3 3 8 8 25 20 20 22
split_gain=61051.4 1256.15 725.374 918.152 268.152 324.525 132.971 125.193 37.6312 4.60252
threshold=1.0000000180025095e-35 0.66922973851436185 1.3900542603141643 -1.3888661770997277 1.389547605120159 -1.388892353266092 -0.15117255224238041 1.0708169467550437 -0.31652377821952643 2.5875101379812473
decision_type=2 2 2 2 2 2 2 2 2 2
left_child=8 2 3 -2 5 -3 -4 -6 -1 -10
right_child=1 4 6 -5 7 -7 -8 -9 9 -11
leaf_value=-0.098200685785756095 0.012559797312524976 0.065425295765090583 0.042489701788112594 0.075104719026724512 0.046110670929666898 0.094230384954248944 -0.0047559671518373351 0.080232505368489707 -0.04116699841033309 0.011421673885345672
leaf_weight=24675.1373913344 2514.650262998417 4070.9241607692093 836.50613296404481 16597.555173797533 1793.4227142892778 36136.769204474986 1628.5197336226702 2305.4185525793582 48.297321854159236 20.21487694978714
leaf_count=1420041 30802 38985 11193 144469 18943 300205 19288 20455 695 229
internal_value=0.0311252 0.0796226 0.0605303 0.0668791 0.0889172 0.0913176 0.0112793 0.0653354 -0.0980017 -0.0252273
internal_weight=90627.4 65883.8 21577.2 19112.2 44306.5 40207.7 2465.03 4098.84 24743.6 68.5122
internal_count=2005305 584340 205752 175271 378588 339190 30481 39398 1420965 924
is_linear=0
shrinkage=0.0964179


Tree=28
num_leaves=13
num_cat=0
split_feature=20 20 12 12 8 8 20 25 20 19 19 19
split_gain=54264.4 1216.75 723.625 1212.64 281.674 345.424 194.681 143.154 121.973 6.55585 1.08715 0.636576
threshold=0.067329754175696255 0.66922973851436185 1.7911462569582157 -0.59831617770751122 1.389547605120159 -1.388892353266092 -0.31652377821952643 -0.15117255224238041 1.0708169467550437 2.7660623369186306 1.4994080365579647 2.9709603544666168
decision_type=2 2 2 2 2 2 2 2 2 2 2 2
left_child=6 2 3 -2 5 -3 -1 -4 -6 10 -8 -11
right_child=1 4 7 -5 8 -7 9 -9 -10 11 -12 -13
leaf_value=-0.098032695077508086 0.048299730593529024 0.062138913772136359 0.04094941178049144 0.10289612265485107 0.043009295876191178 0.092610295221338887 -0.032476824195664909 -0.0080464244721695621 0.07743729768820172 0.024256154514207245 -0.016277570920990459 0.0019129357676672151
leaf_weight=22443.625070668757 12574.107746230438 3882.6912499032915 844.56515419855714 5414.7707541137934 1740.2436333820224 33361.608812831342 108.23435325548053 1604.1959633044899 2165.4570165351033 14.534611685201524 88.32727381028235 64.086541535332799
leaf_count=1420041 130822 38985 11347 41604 18943 300205 1547 19245 20455 160 1153 798
internal_value=0.0303125 0.0772944 0.0580497 0.0647433 0.086849 0.0894375 -0.097044 0.00885291 0.0621305 -0.0161774 -0.0255704 0.00689629
internal_weight=84306.4 61587.6 20437.6 17988.9 41150 37244.3 22718.8 2448.76 3905.7 275.183 196.562 78.6212
internal_count=2005305 581606 203018 172426 378588 339190 1423699 30592 39398 3658 2700 958
is_linear=0
shrinkage=0.0964179


Tree=29
num_leaves=9
num_cat=0
split_feature=27 20 27 20 27 20 20 25
split_gain=52705.5 8258.12 840.581 467.313 254.505 126.536 114.256 85.2674
threshold=0.13640130199589848 -0.31652377821952643 0.64998966097664057 0.42830136695443527 -0.33123172993168598 0.42830136695443527 0.26764209782656151 2.634102411237826
decision_type=2 2 2 2 2 2 2 2
left_child=4 -2 3 -3 -1 -4 -6 -8
right_child=1 2 5 -5 6 -7 7 -9
leaf_value=-0.098104852331544937 -0.098666754231318959 0.022950284988389035 0.079234114713811282 0.072995197379664589 -0.097008440572532217 0.095229957595261441 -0.049573909624572865 0.0378189141713869
leaf_weight=21594.214055895805 2329.1653785053641 2101.1811758205295 5364.0314081087708 10054.510536707938 182.98181234486401 36507.151703856885 204.82784406095743 206.94940253347158
leaf_count=1424984 101449 11767 42017 76989 7022 338780 1200 1097
internal_value=0.0294768 0.0790359 0.0867003 0.0643518 -0.0963897 0.0931847 -0.0339599 -0.00558836
internal_weight=78545 56356 54026.9 12155.7 22189 41871.2 594.759 411.777
internal_count=2005305 571002 469553 88756 1434303 380797 9319 2297
is_linear=0
shrinkage=0.0964179


Tree=30
num_leaves=12
num_cat=0
split_feature=27 27 25 27 27 27 27 2 25 25 25
split_gain=47216.6 1691.03 796.247 1233.05 289.501 1418.72 272.695 132.276 120.824 82.1586 90.964
threshold=0.13640130199589848 0.64998966097664057 0.54517633246108343 0.41012169456472986 1.0497027235663763 1.0496798749141794 -0.33123172993168598 1.5812841734559624 -0.84736644215247259 2.634102411237826 3.3262789154214913
decision_type=2 2 2 2 2 2 2 2 2 2 2
left_child=6 2 7 -4 5 -3 -1 -2 -6 -8 -11
right_child=1 4 3 -5 8 -7 9 -9 -10 10 -12
leaf_value=-0.09794648892105963 0.014556486033511935 0.10049165178449714 0.029641676398892702 0.10138241648239776 0.084986928047742882 0.037385250983608377 -0.063466184609626899 -0.052167704000063944 0.098789934005814276 0.10204273325670349 -0.02516425706290943
leaf_weight=19639.521145891398 3384.1304333042353 8611.9789420571178 4889.2090932521969 4094.9986975863576 9704.7731401994824 5388.778750712052 324.47526882588863 298.99720163829625 15742.525369416922 69.707055419683456 193.5955859888345
leaf_count=1424984 46982 84640 59056 35836 105493 71934 5908 5337 161724 439 2972
internal_value=0.029018 0.0775461 0.0468811 0.0623573 0.0873898 0.0762121 -0.0960085 0.00910968 0.093533 -0.0311012 0.00878876
internal_weight=72342.7 52115.4 12667.3 8984.21 39448.1 14000.8 20227.3 3683.13 25447.3 587.778 263.303
internal_count=2005305 571002 147211 94892 423791 156574 1434303 52319 267217 9319 3411
is_linear=0
shrinkage=0.0964179


Tree=31
num_leaves=8
num_cat=0
split_feature=26 20 25 20 25 20 25
split_gain=41632.8 7766.14 702.253 525.27 135.58 40.5841 12.7712
threshold=1.0000000180025095e-35 1.0000000180025095e-35 0.54363913134104525 0.42830136695443527 -0.15114421253004459 -0.31652377821952643 -0.15117255224238041
decision_type=2 2 2 2 2 2 2
left_child=-1 5 4 -4 -3 -2 -7
right_child=1 2 3 -5 -6 6 -8
leaf_value=-0.097802809449197003 -0.098505386471999717 0.086660207736742378 0.025403513118766166 0.073493235546945798 0.10069707215421014 0.070810410829774309 -0.037461612234678615
leaf_weight=17859.261045141146 2309.6977936048061 22932.51720072329 2549.2684079445899 12428.115132395178 9063.3162671998143 11.998472638428209 37.395879074931145
leaf_count=1424984 108269 244780 16234 112540 98281 60 157
internal_value=0.0283304 0.0739955 0.0825697 0.065314 0.0906423 -0.0966552 -0.00905464
internal_weight=67191.6 49332.3 46973.2 14977.4 31995.8 2359.09 49.3944
internal_count=2005305 580321 471835 128774 343061 108486 217
is_linear=0
shrinkage=0.0964179


Tree=32
num_leaves=10
num_cat=0
split_feature=27 20 27 20 27 20 20 20 20
split_gain=37717 6651.45 920.227 472.041 245.706 162.169 97.7296 38.3528 10.0877
threshold=0.13640130199589848 -0.31652377821952643 0.64998966097664057 1.0708169467550437 -0.33123172993168598 0.42830136695443527 1.0708169467550437 0.26764209782656151 1.8740994592521421
decision_type=2 2 2 2 2 2 2 2 2
left_child=4 -2 3 -3 -1 -4 7 -6 -8
right_child=1 2 5 -5 6 -7 8 -9 -10
leaf_value=-0.097672386871315728 -0.098311070774993459 0.041277275542162574 0.072025063711232948 0.084150140177205984 -0.09100686585568217 0.092242944402091784 0.027331052898227411 -0.031373794961161786 0.092597604506153633
leaf_weight=16238.313286017627 1995.8281882647425 6675.1942182295024 4297.7473315373063 3726.8417677395046 157.87517514266074 28480.274071604013 83.543999567627907 286.01373666524887 31.023378260433674
leaf_count=1424984 101449 52996 42017 35760 7022 338780 571 1532 194
internal_value=0.027843 0.0737085 0.0816636 0.0566518 -0.0955081 0.0895968 -0.0324124 -0.052915 0.0463478
internal_weight=61972.7 45175.9 43180.1 10402 16796.8 32778 558.456 443.889 114.567
internal_count=2005305 571002 469553 88756 1434303 380797 9319 8554 765
is_linear=0
shrinkage=0.0964179


Tree=33
num_leaves=8
num_cat=0
split_feature=26 20 20 10 3 20 22
split_gain=33393.4 6161.06 642.736 322.218 287.358 34.587 4.06433
threshold=1.0000000180025095e-35 1.0000000180025095e-35 0.42830136695443527 -1.5514271540784927 -1.3888661770997277 -0.31652377821952643 2.5875101379812473
decision_type=2 2 2 2 2 2 2
left_child=-1 5 3 -3 -4 -2 -7
right_child=1 2 4 -5 -6 6 -8
leaf_value=-0.09755393737691459 -0.09810090581473524 -0.043344617111910483 0.056501050228977723 0.055064211639228922 0.086782543182298083 -0.031930475690712085 0.026476390353516503
leaf_weight=14762.786937881261 1912.7507197763771 325.59247932583094 3234.2187588252127 5671.0005937032402 31250.808207701892 33.483337178826332 14.156781248748301
leaf_count=1424984 108269 2585 36186 51482 381582 148 69
internal_value=0.0273449 0.0707919 0.0788772 0.0497048 0.0839464 -0.0960772 -0.0135424
internal_weight=57204.8 42442 40481.6 5996.59 34485 1960.39 47.6401
internal_count=2005305 580321 471835 54067 417768 108486 217
is_linear=0
shrinkage=0.0964179


Tree=34
num_leaves=13
num_cat=0
split_feature=27 27 25 27 27 25 27 27 27 22 25 22
split_gain=30421.4 1149.46 1013.74 885.243 796.476 335.581 425.166 328.31 1517.88 187.583 141.922 95.2197
threshold=0.25020903459048666 0.64998966097664057 0.54517633246108343 -0.33123172993168598 0.41012169456472986 1.93910325976135 0.13640130199589848 1.0497027235663763 1.0496798749141794 1.0000000180025095e-35 -0.84736644215247259 1.0000000180025095e-35
decision_type=2 2 2 2 2 2 2 2 2 2 2 2
left_child=3 2 9 -1 -4 11 -7 8 -3 -2 -9 -5
right_child=1 7 4 5 -6 6 -8 10 -10 -11 -12 -13
leaf_value=-0.097446306368956334 0.034554994006407151 0.098805953692096091 0.029874425561245383 -0.010154980887262752 0.099836607126473284 -0.035418923512627189 0.10249767843459945 0.079245416464123142 0.023366794194535204 -0.018069558647256508 0.096735070616568428 -0.091049279066057351
leaf_weight=13419.939540500753 890.15753105934709 6164.9526801481843 2959.7900624182075 184.24918899033219 3100.7402325943112 521.61773000750691 342.97925261408091 7127.7083931583911 4151.3846297170967 2140.4655602658167 11335.491126997396 523.17803088854998
leaf_count=1424984 18203 84640 41302 5181 35836 9319 2698 105493 71934 34116 161724 9875
internal_value=0.0268161 0.0728364 0.0429289 -0.0894272 0.0656919 -0.0209182 0.019338 0.0822797 0.0684604 -0.00259061 0.0899926 -0.0701019
internal_weight=52862.7 37870.7 9091.15 14992 6060.53 1572.02 864.597 28779.5 10316.3 3030.62 18463.2 707.427
internal_count=2005305 553248 129457 1452057 77138 27073 12017 423791 156574 52319 267217 15056
is_linear=0
shrinkage=0.0964179


Tree=35
num_leaves=13
num_cat=0
split_feature=27 27 26 3 3 25 27 25 27 26 25 4
split_gain=26948.7 1148.69 926.712 740.695 940.895 265.515 378.114 156.721 504.487 227.872 104.668 60.2476
threshold=0.25020903459048666 1.0497027235663763 1.0000000180025095e-35 1.3900542603141643 -1.3888661770997277 1.93910325976135 0.13640130199589848 -0.84736644215247259 1.84920638500696 3.3654994447775399 1.2412975765866106 -0.049980589410514066
decision_type=2 2 2 2 2 2 2 2 2 2 2 2
left_child=2 3 -1 4 -2 11 -7 8 -3 -9 -5 -4
right_child=1 7 5 10 -6 6 -8 9 -10 -11 -12 -13
leaf_value=-0.097348463327520868 0.0020111729935532617 0.045611738962859673 -0.031177921255605184 -0.0055467683745862931 0.06996470353028808 -0.03146722870520937 0.10180515497630012 0.099339058381893316 0.099503027516431489 0.033419499256478455 0.074585278413757936 -0.087050537547047765
leaf_weight=12198.087924498133 2188.5426728567109 2783.9803410451859 340.76839897874743 1981.0656934985891 14141.744523458183 530.24917119275779 313.47908282279968 9845.5725336968899 3870.0902153775096 516.83186155743897 162.46990018896759 390.35904495138675
leaf_count=1424984 39023 48923 6154 36954 208032 9319 2698 152379 56570 9345 2022 8902
internal_value=0.026104 0.0705286 -0.0883621 0.053867 0.0608611 -0.0187065 0.0181049 0.0886083 0.0769774 0.0960604 0.000561065 -0.0611834
internal_weight=49263.2 35490.3 13772.9 18473.8 16330.3 1574.86 843.728 17016.5 6654.07 10362.4 2143.54 731.127
internal_count=2005305 553248 1452057 286031 247055 27073 12017 267217 105493 161724 38976 15056
is_linear=0
shrinkage=0.0964179


Tree=36
num_leaves=13
num_cat=0
split_feature=27 20 27 25 22 26 27 20 20 27 25 20
split_gain=23857.6 5346.92 914.7 444.983 436.088 263.31 174.297 124.963 75.5164 68.438 54.7462 9.74488
threshold=0.13640130199589848 0.15294847912769555 0.64998966097664057 0.54517633246108343 1.9548473271282913 1.0000000180025095e-35 1.0497027235663763 0.067329754175696255 1.0708169467550437 2.6488594359603796 2.634102411237826 1.8740994592521421
decision_type=2 2 2 2 2 2 2 2 2 2 2 2
left_child=5 4 3 -3 9 -1 -4 -6 10 -2 -7 -10
right_child=1 2 6 -5 7 8 -8 -9 11 -11 -12 -13
leaf_value=-0.097259438255185238 -0.096510598220201166 0.013316210974548107 0.074371960975378196 0.062465787677027734 -0.025111768668900629 -0.076184009984949494 0.091630716848334501 0.099495245209032412 0.024393568824791472 0.088309540070882681 -0.0064869684601321503 0.09071623069356767
leaf_weight=11086.53737379238 1928.043901514262 2413.2224358543754 8620.7397344540805 5921.5253336951137 167.96932278387249 243.33351407386363 15184.804925100878 132.14920019358397 80.731446377933025 17.431467222049832 185.76667605526745 28.33759655803442
leaf_count=1424984 102750 24271 127376 63262 1662 5532 249964 1500 571 217 3022 194
internal_value=0.0253399 0.0657087 0.0757597 0.0482448 -0.0780818 -0.0940606 0.0853877 0.0298722 -0.0280029 -0.0947648 -0.0462309 0.0430145
internal_weight=46010.6 34385.9 32140.3 8334.75 2245.59 11624.7 23805.5 300.119 538.169 1945.48 429.1 109.069
internal_count=2005305 571002 464873 87533 106129 1434303 377340 3162 9319 102967 8554 765
is_linear=0
shrinkage=0.0964179


Tree=37
num_leaves=12
num_cat=0
split_feature=27 20 26 27 25 25 27 20 20 20 27
split_gain=21363.7 4451.17 875.417 700.189 604.229 238.604 309.256 202.523 154.549 96.284 23.2423
threshold=0.25020903459048666 0.067329754175696255 1.0000000180025095e-35 0.64998966097664057 0.54517633246108343 1.93910325976135 0.13640130199589848 0.66922973851436185 1.0708169467550437 -0.31652377821952643 1.84920638500696
decision_type=2 2 2 2 2 2 2 2 2 2 2
left_child=2 9 -1 4 -3 8 -7 -5 -4 -2 -11
right_child=1 3 5 7 -6 6 -8 -9 -10 10 -12
leaf_value=-0.097178382282853873 -0.097899846967071047 0.0098238517061928435 -0.082360393521780068 0.069864576163934558 0.068680667582277255 -0.025068307477013465 0.1008089273946358 0.08976733529348814 0.028313159955122808 -0.02993667707972171 0.085826082345745694
leaf_weight=10075.498920538463 1446.9178834604099 2438.5929188765585 563.60069217905402 7012.6157269012183 4850.6626223810017 541.47130115889013 270.77008309215307 15167.466554448009 146.59288093820214 132.07509470358491 16.663137711584568
leaf_count=1424984 90489 24650 13719 106626 57054 9319 2698 273406 1337 871 152
internal_value=0.0247739 0.0664633 -0.0868817 0.0749575 0.0490018 -0.0186837 0.0169655 0.0834819 -0.0594528 -0.0903074 -0.0159517
internal_weight=42662.9 31065 11597.9 29469.3 7289.26 1522.43 812.241 22180.1 710.194 1595.66 148.738
internal_count=2005305 553248 1452057 461736 81704 27073 12017 380032 15056 91512 1023
is_linear=0
shrinkage=0.0964179


Tree=38
num_leaves=12
num_cat=0
split_feature=27 20 26 27 20 20 20 25 20 25 20
split_gain=18979.8 3952.68 904.03 667.386 562.232 299.367 202.433 164.948 103.54 85.0499 27.8521
threshold=0.25020903459048666 0.15294847912769555 1.0000000180025095e-35 1.0497027235663763 0.66922973851436185 -0.31652377821952643 1.0708169467550437 1.93910325976135 0.14853532825196053 -0.84736644215247259 1.8740994592521421
decision_type=2 2 2 2 2 2 2 2 2 2 2
left_child=2 5 -1 4 -3 -2 7 -4 -7 -5 -8
right_child=1 3 6 9 -6 8 10 -9 -10 -11 -12
leaf_value=-0.097104517497102708 -0.097736225482438849 0.033527512282478494 -0.071958861915583275 0.079806095753194653 0.073607450966430163 0.032901408912159869 0.03168414250308324 -9.7215515889737596e-05 -0.057813951474966187 0.096104846008585432 0.094488370609395869
leaf_weight=9156.0235866596922 1316.0181563887745 5028.4708155691624 582.10184137523174 4968.0270451810211 9261.7041345946491 257.85881597176194 239.46059737354517 606.48845811374485 211.1885327398777 7890.3151815216988 92.237152338027954
leaf_count=1424984 90489 60240 13719 92148 148024 2445 2286 10188 2086 157816 880
internal_value=0.0241909 0.0647336 -0.0856726 0.073873 0.0595119 -0.0741855 -0.0167694 -0.0353707 -0.00792389 0.0898211 0.0496268
internal_weight=39609.9 28933.6 10676.3 27148.5 14290.2 1785.07 1520.29 1188.59 469.047 12858.3 331.698
internal_count=2005305 553248 1452057 458228 208264 95020 27073 23907 4531 249964 3166
is_linear=0
shrinkage=0.0964179


Tree=39
num_leaves=12
num_cat=0
split_feature=27 27 25 27 25 27 26 26 11 25 27
split_gain=16930.9 1448.16 556.873 1202.59 374.334 1600.27 407.697 296.258 132.261 53.5518 97.4028
threshold=0.13640130199589848 0.64998966097664057 0.54517633246108343 0.41012169456472986 -0.15114421253004459 1.0497027235663763 3.3654994447775399 1.0000000180025095e-35 1.6373059191125916 2.634102411237826 0.051343174262642698
decision_type=2 2 2 2 2 2 2 2 2 2 2
left_child=7 2 8 -4 5 -3 -6 -1 -2 -9 -11
right_child=1 4 3 -5 6 -7 -8 9 -10 10 -12
leaf_value=-0.09703713354263975 0.0013089785582668437 0.0039190209108420212 0.0069938627351335417 0.098414377444881004 0.098639148683558303 0.083767167643240423 -0.0035704218963891225 -0.050018635060390407 -0.051255046079129986 -0.030533838239647993 0.10156178954219959
leaf_weight=8319.9338721893728 2110.9227686282247 3057.2290879506618 3326.3512635156512 2237.1864540856332 6425.4540336430073 9868.4274562858045 383.66831668559462 305.86754218675196 561.85157904960215 164.06909190677106 73.889938525855541
leaf_count=1424984 39700 69099 59056 35836 130029 215091 9572 5908 12619 2885 526
internal_value=0.0235802 0.0603787 0.0264054 0.0437797 0.0745523 0.0648868 0.0928752 -0.0925292 -0.00975116 -0.0234142 0.0107369
internal_weight=36834.9 27971.1 8236.31 5563.54 19734.8 12925.7 6809.12 8863.76 2672.77 543.827 237.959
internal_count=2005305 571002 147211 94892 423791 284190 139601 1434303 52319 9319 3411
is_linear=0
shrinkage=0.0964179


Tree=40
num_leaves=12
num_cat=0
split_feature=27 27 12 12 10 11 26 27 22 26 27
split_gain=14979.3 1380.9 492.154 1095.91 356.279 383.572 315.656 125.685 82.9008 3.04216 0.735428
threshold=0.13640130199589848 0.64998966097664057 1.7911462569582157 -0.59831617770751122 -1.5514271540784927 1.6373059191125916 1.0000000180025095e-35 1.0497027235663763 1.0000000180025095e-35 1.3835139316376315 0.051343174262642698
decision_type=2 2 2 2 2 2 2 2 2 2 2
left_child=6 2 3 -2 7 -6 -1 -3 -4 10 -8
right_child=1 4 8 -5 5 -7 9 -9 -10 -11 -12
leaf_value=-0.096975588484658343 0.011806521659734247 -0.035852176296059919 0.0096454731374636081 0.10003250574210747 0.080590498134498645 0.037288775606039194 -0.027623828041417546 0.042949334458341051 -0.049122666334103456 0.057440623849033881 -0.018751465268129167
leaf_weight=7559.7632354670204 5131.1223675077781 338.73152966145426 300.44934205338359 1756.2935152985156 15486.819247793406 2176.3970353268087 165.55855224933475 418.85850884020329 850.00197158567607 2.8334005475044242 378.26124370284379
leaf_count=1424984 98070 8689 8692 24471 353196 51781 2882 10125 15978 23 6414
internal_value=0.0227994 0.0579331 0.0245741 0.0343274 0.0724839 0.0752609 -0.0918584 0.00766681 -0.0337514 -0.0209499 -0.021592
internal_weight=34565.1 26458.7 8037.87 6887.42 18420.8 17663.2 8106.42 757.59 1150.45 546.653 543.82
internal_count=2005305 571002 147211 122541 423791 404977 1434303 18814 24670 9319 9296
is_linear=0
shrinkage=0.0964179


Tree=41
num_leaves=13
num_cat=0
split_feature=20 27 27 20 26 22 25 20 25 27 22 20
split_gain=14054.6 3046.89 695.851 604.554 587.428 289.885 158.957 154.505 106.374 53.3587 31.7055 9.2269
threshold=0.15294847912769555 0.25020903459048666 1.0497027235663763 1.0708169467550437 1.0000000180025095e-35 1.9548473271282913 1.93910325976135 0.067329754175696255 -0.84736644215247259 2.6488594359603796 2.284768560837489 0.14853532825196053
decision_type=2 2 2 2 2 2 2 2 2 2 2 2
left_child=5 4 3 -3 -2 9 -6 10 -4 11 -7 -1
right_child=1 2 8 -5 6 7 -8 -9 -10 -11 -12 -13
leaf_value=-0.097001995208763861 -0.097300934644713497 0.036360230886962698 0.074455144523047689 0.080554600651082886 -0.038691211329330254 -0.07572013122221101 0.029696857740612457 0.097938711272452433 0.094883933839140386 0.084815631684618017 -0.00028216133121781057 -0.076993734240979605
leaf_weight=7074.2700975541957 1117.1454740995541 7758.783704591915 3962.8280779980123 4582.3642142433673 579.12125457450747 133.86905525950715 691.32364627718925 97.988590445369482 6168.2399535756558 13.796696385368703 85.43747326079756 277.70891662919894
leaf_count=1411324 105504 120304 92148 87960 3958 8927 5118 1501 157816 217 3441 7087
internal_value=0.0219445 0.0571708 0.0681739 0.0527812 -0.046353 -0.0920192 -0.00145823 -0.00165799 0.0869097 -0.0959056 -0.0467098 -0.0962681
internal_weight=32542.9 24859.8 22472.2 12341.1 2387.59 7683.07 1270.44 317.295 10131.1 7365.78 219.307 7351.98
internal_count=2005305 572808 458228 208264 114580 1432497 9076 13869 249964 1418628 12368 1418411
is_linear=0
shrinkage=0.0964179


Tree=42
num_leaves=10
num_cat=0
split_feature=27 27 3 3 2 2 27 26 17
split_gain=11825.7 1399.67 432.701 656.222 379.882 364.195 113.839 84.9294 76.4942
threshold=0.051343174262642698 0.64998966097664057 -1.3888661770997277 -0.46713440540190715 -1.58173193882713 1.5812841734559624 1.84920638500696 1.0000000180025095e-35 -1.0988206048193596
decision_type=2 2 2 2 2 2 2 2 2
left_child=7 2 8 -4 6 -6 -3 -1 -2
right_child=1 4 3 -5 5 -7 -8 -9 -10
leaf_value=-0.09686799300826969 0.037798748796984472 -0.0279695815931333 0.099837920407384317 0.015911154404152215 0.074351480373917339 -0.005938267922044548 0.089747414106469983 -0.025744540343838933 -0.042251484340353168
leaf_weight=6242.6742499601096 121.9398145377636 473.49154654797167 1020.74207733199 5686.1044304035604 14970.301502472721 543.2005198597908 89.345681726932526 162.92270246334374 1080.2529946146533
leaf_count=1424984 3787 13661 15247 112302 392265 15643 2222 2885 22309
internal_value=0.0212949 0.0523778 0.0191593 0.0287105 0.0687144 0.0715375 -0.00901745 -0.0950715 -0.0340624
internal_weight=30391 23985.4 7909.04 6706.85 16076.3 15513.5 562.837 6405.6 1202.19
internal_count=2005305 577436 153645 127549 423791 407908 15883 1427869 26096
is_linear=0
shrinkage=0.0964179


Tree=43
num_leaves=13
num_cat=0
split_feature=20 27 27 20 26 22 20 25 25 27 27 20
split_gain=11450.3 2402.72 711.271 605.295 515.98 257.614 131.837 128.434 120.605 45.299 24.6128 18.2301
threshold=0.15294847912769555 0.25020903459048666 1.0497027235663763 1.0708169467550437 1.0000000180025095e-35 1.9548473271282913 0.067329754175696255 1.93910325976135 -0.84736644215247259 2.6488594359603796 1.84920638500696 0.14853532825196053
decision_type=2 2 2 2 2 2 2 2 2 2 2 2
left_child=5 4 3 -3 -2 9 10 -6 -4 11 -7 -1
right_child=1 2 8 -5 7 6 -8 -9 -10 -11 -12 -13
leaf_value=-0.096941148168259106 -0.097079205608796668 0.031280754080332623 0.070669079609891203 0.077877200290398185 -0.034853732437467172 -0.052601095247975911 0.097208510159435033 0.026715450232367235 0.094045311493360748 0.082155842292089956 0.078498016462711193 -0.070210614650531786
leaf_weight=5992.2506109881215 923.51379561936483 7207.0383838899434 3452.7602670565248 4052.89796728082 593.29138806834817 198.85666766716167 84.658553659915924 667.59322611987591 5252.0927795041353 11.972318943589924 12.654396440833805 278.31297342758626
leaf_count=1411324 105504 120304 92148 87960 3958 12211 1501 5118 157816 217 157 7087
internal_value=0.020405 0.0535806 0.0640854 0.0480646 -0.0423905 -0.0912712 -0.00325034 -0.00223382 0.084792 -0.0954131 -0.0440574 -0.0957787
internal_weight=28727.9 22149.2 19964.8 11259.9 2184.4 6578.71 296.17 1260.88 8704.85 6282.54 211.511 6270.56
internal_count=2005305 572808 458228 208264 114580 1432497 13869 9076 249964 1418628 12368 1418411
is_linear=0
shrinkage=0.0964179


Tree=44
num_leaves=10
num_cat=0
split_feature=20 26 20 8 20 20 22 20 11
split_gain=10136.6 2079.15 755.061 742.291 277.627 76.4379 64.4801 90.7214 16.9159
threshold=0.15294847912769555 1.0000000180025095e-35 1.0708169467550437 1.389547605120159 -0.31652377821952643 1.8740994592521421 1.9548473271282913 0.067329754175696255 1.6373059191125916
decision_type=2 2 2 2 2 2 2 2 2
left_child=4 -2 3 -3 -1 -4 8 -8 -6
right_child=1 2 5 -5 6 -7 7 -9 -10
leaf_value=-0.096887738616881519 -0.096978289201967091 0.051940267891744614 0.075420715356110876 -0.020765776667183121 -0.04192104899822463 0.096664982697241345 -0.027475271793502044 0.096722848325800762 -0.097311434196640276
leaf_weight=5481.4387914042454 839.46024665841833 11181.52218903508 5013.5012103030458 1476.3065127953887 231.06346492655575 2373.2841200279072 176.32529930584133 77.252066470682621 68.946255058050156
leaf_count=1420041 105504 241549 135842 24911 5428 65002 3658 1501 1869
internal_value=0.0197314 0.0515382 0.0577671 0.043456 -0.090314 0.0822706 -0.0250661 0.0105887 -0.0552192
internal_weight=26919.1 20884.1 20044.6 12657.8 6035.03 7386.79 553.587 253.577 300.01
internal_count=2005305 572808 467304 266460 1432497 200844 12456 5159 7297
is_linear=0
shrinkage=0.0964179


Tree=45
num_leaves=15
num_cat=0
split_feature=20 27 25 22 27 8 8 20 20 20 27 27 26 27
split_gain=9019.86 1838.34 969.91 937.85 536.093 440.823 453.416 408.398 208.364 191.744 153.697 84.7438 26.0194 10.5426
threshold=0.26764209782656151 0.41012169456472986 1.2412975765866106 1.5800433329245316 0.25020903459048666 -1.388892353266092 1.389547605120159 0.15294847912769555 1.8740994592521421 1.0708169467550437 1.84920638500696 1.0497027235663763 3.3654994447775399 1.0497027235663763
decision_type=2 2 2 2 2 2 2 2 2 2 2 2 2 2
left_child=3 2 8 10 -4 9 -7 11 -2 -3 13 -5 -12 -1
right_child=1 5 4 7 -6 6 -8 -9 -10 -11 12 -13 -14 -15
leaf_value=-0.097613424080112324 -0.077371551370691252 -0.0095735374689659616 -0.005787164762410613 -0.05278096004889174 0.099613223554119751 0.078521899481863069 0.023754997831362507 0.098875961348020278 0.079139909454396959 0.061464334317005702 0.094111039066853946 0.029948232428231133 -0.057318266903131923 -0.076890805770745627
leaf_weight=5124.668320116587 1432.9275310714729 934.91673817951232 1167.3642681553029 524.89083517948166 726.25603633373976 12325.950606748462 1590.3148501273245 309.47141327336431 82.207858466077596 565.14512732438743 45.031787693500519 145.57640615943819 12.137173044495283 293.67998310737312
leaf_count=1389696 95857 20479 14884 40932 10714 352747 36371 5925 1685 15453 1096 2454 586 16426
internal_value=0.0190224 0.0527487 -0.0113137 -0.0793116 0.0346677 0.0669158 0.0722693 0.00751518 -0.0687812 0.0172027 -0.094855 -0.0347358 0.0606607 -0.0965199
internal_weight=25280.5 18825.1 3408.76 6455.46 1893.62 15416.3 13916.3 979.939 1515.14 1500.06 5475.52 670.467 57.169 5418.35
internal_count=2005305 548190 123140 1457115 25598 425050 389118 49311 97542 35932 1407804 43386 1682 1406122
is_linear=0
shrinkage=0.0964179


Tree=46
num_leaves=9
num_cat=0
split_feature=20 27 25 27 27 25 20 25
split_gain=7977.86 1934.58 930.291 596.84 585.543 892.666 183.27 155.181
threshold=-0.31652377821952643 0.41012169456472986 1.2412975765866106 0.25020903459048666 1.0497027235663763 -0.15114421253004459 1.8740994592521421 -0.84736644215247259
decision_type=2 2 2 2 2 2 2 2
left_child=-1 2 6 -4 5 -3 -2 -6
right_child=1 4 3 -5 7 -7 -8 -9
leaf_value=-0.096794416459914254 -0.074056193337288231 -0.013625894516351635 -0.0097292473581655995 0.099551309850741149 0.063387867566616907 0.060714384485770746 0.076702254017459254 0.092316277206514225
leaf_weight=4529.9568237964995 1688.1756686000153 1971.222685020417 1342.84713062644 708.20157700404525 2935.2765654753894 6284.6211424348876 76.957697402685881 4287.6347899446264
leaf_count=1420041 114439 42593 16869 11061 93162 146530 1685 158925
internal_value=0.0183304 0.0453665 -0.0161076 0.0280345 0.0605249 0.0429608 -0.0673993 0.0805819
internal_weight=23824.9 19294.9 3816.18 2051.05 15478.8 8255.84 1765.13 7222.91
internal_count=2005305 585264 144054 27930 441210 189123 116124 252087
is_linear=0
shrinkage=0.0964179


Tree=47
num_leaves=11
num_cat=0
split_feature=20 26 22 8 8 20 20 26 20 25
split_gain=7112.78 1415.83 801.411 648.19 753.033 351.011 226.072 63.2144 35.387 70.1431
threshold=0.26764209782656151 1.0000000180025095e-35 1.5800433329245316 -1.388892353266092 1.389547605120159 0.15294847912769555 1.0708169467550437 1.0000000180025095e-35 0.26746074186432528 -0.15117255224238041
decision_type=2 2 2 2 2 2 2 2 2 2
left_child=2 -2 8 6 -5 7 -3 -4 -1 -10
right_child=1 3 5 4 -6 -7 -8 -9 9 -11
leaf_value=-0.096749630169240083 -0.096729940736369577 -0.02411444462263625 -0.0952510199195961 0.069408137660359082 0.0047467665931901163 0.098378952057053659 0.047351862992015673 -0.018167067898935012 -0.0079466842010215265 -0.08799345426724943
leaf_weight=4018.670075859176 599.26529509760439 1217.4096682975069 121.28398696403019 12580.383042724803 1933.0178370457143 265.99752954952419 619.57696576882154 523.85210985783488 130.29336392413825 486.46758962143213
leaf_count=1389111 93994 22882 36229 374200 40236 5925 16878 7157 6935 11758
internal_value=0.0176172 0.0486319 -0.0771404 0.0539708 0.0608 0.0054811 0 -0.0329144 -0.0933845 -0.0712061
internal_weight=22496.2 16949.7 5546.56 16350.4 14513.4 911.134 1836.99 645.136 4635.43 616.761
internal_count=2005305 548190 1457115 454196 414436 49311 39760 43386 1407804 18693
is_linear=0
shrinkage=0.0964179


Tree=48
num_leaves=10
num_cat=0
split_feature=27 27 11 11 25 27 22 25 27
split_gain=5911.61 1260.99 729.68 1900.22 251.115 773.484 178.732 133.196 2.54134
threshold=-0.063628669622134662 1.0497027235663763 1.6373059191125916 -0.65460502750834149 -0.84736644215247259 1.84920638500696 1.0000000180025095e-35 1.240320354135134 -0.33123172993168598
decision_type=2 2 2 2 2 2 2 2 2
left_child=8 2 3 -2 5 -3 -4 -6 -1
right_child=1 4 6 -5 7 -7 -8 -9 -10
leaf_value=-0.096642352380613167 0.0030231911266966325 -0.0049020927246698513 0.017588448530177908 0.098527099072033858 0.093168525729658516 0.097506293182261422 -0.052053661257378786 -0.0081356939128222165 -0.03891426387898464
leaf_weight=3546.431851912057 6602.524818229489 1246.7317829169333 451.07617557048798 2739.6899589244276 3610.9731552731246 1519.7267398536205 1405.1578738465905 123.89330850727856 12.103707855101673
leaf_count=1424984 187039 48923 18903 72378 156651 56570 34570 5073 214
internal_value=0.0168914 0.0396921 0.0200738 0.0310465 0.0734655 0.0513657 -0.0351101 0.0897963 -0.0964737
internal_weight=21258.3 17699.8 11198.4 9342.21 6501.32 2766.46 1856.23 3734.87 3558.54
internal_count=2005305 580107 312890 259417 267217 105493 53473 161724 1425198
is_linear=0
shrinkage=0.0964179


Tree=49
num_leaves=9
num_cat=0
split_feature=20 27 25 27 25 27 20 25
split_gain=5737.05 1553.56 825.098 998.195 411.145 1286.26 295.234 125.518
threshold=-0.31652377821952643 0.64998966097664057 0.54517633246108343 0.41012169456472986 -0.15114421253004459 1.0497027235663763 1.8740994592521421 1.240320354135134
decision_type=2 2 2 2 2 2 2 2
left_child=-1 2 6 -4 5 -3 -2 -6
right_child=1 4 3 -5 7 -7 -8 -9
leaf_value=-0.096703717952051182 -0.054090191822482904 -0.018468545575813899 -0.0031446140790566185 0.09715215685530891 0.095341597591421898 0.07540973320915198 0.086207144024875018 0.0312360546038375
leaf_weight=3472.0254106814973 2084.798128856346 1889.7517796168104 3034.3564430163242 1323.3608298040926 3208.5909615932032 4799.3730674330145 147.82323586149141 315.56496715452522
leaf_count=1420041 115412 42593 50082 35620 125944 202287 3353 9973
internal_value=0.0160955 0.0394116 0.00290769 0.0273299 0.0629589 0.0488846 -0.0447297 0.0896284
internal_weight=20275.6 16803.6 6590.34 4357.72 10213.3 6689.12 2232.62 3524.16
internal_count=2005305 585264 204467 85702 380797 244880 118765 135917
is_linear=0
shrinkage=0.0964179


Tree=50
num_leaves=8
num_cat=0
split_feature=20 27 26 20 20 27 10
split_gain=5095.73 1403.9 656.913 427.093 394.741 374.524 109.553
threshold=-0.31652377821952643 0.64998966097664057 1.0000000180025095e-35 1.0708169467550437 0.66922973851436185 1.0496798749141794 1.5519657867656547
decision_type=2 2 2 2 2 2 2
left_child=-1 2 -2 -4 5 -3 -6
right_child=1 4 3 -5 6 -7 -8
leaf_value=-0.096666916388374519 -0.096571755597708697 0.094120144619545057 -0.0034729027207436218 0.054679215491076426 0.077812826764825233 0.017059198552893864 0.013053862086205081
leaf_weight=3154.0345751773566 563.53748772200197 753.33623911812901 4354.7712176404893 1605.3373555867001 5964.3094275128096 2638.0249099796638 255.3115371093154
leaf_count=1420041 113212 23316 54730 36525 264377 84075 9029
internal_value=0.0153867 0.0373009 0.00277202 0.0121946 0.0607299 0.034224 0.0751644
internal_weight=19288.7 16134.6 6523.65 5960.11 9610.98 3391.36 6219.62
internal_count=2005305 585264 204467 91255 380797 107391 273406
is_linear=0
shrinkage=0.0964179


Tree=51
num_leaves=15
num_cat=0
split_feature=20 27 22 25 27 25 27 26 20 20 27 22 20 26
split_gain=4534.26 1079.83 623.622 561.04 769.126 325.255 957.026 340.134 282.335 212.82 102.058 44.8455 22.0287 20.0827
threshold=0.26764209782656151 0.64998966097664057 1.5800433329245316 0.54517633246108343 0.41012169456472986 -0.15114421253004459 1.0497027235663763 3.3654994447775399 0.15294847912769555 1.8740994592521421 1.84920638500696 1.9548473271282913 0.26746074186432528 3.3654994447775399
decision_type=2 2 2 2 2 2 2 2 2 2 2 2 2 2
left_child=2 3 10 9 -5 6 -3 -7 11 -2 12 -4 -1 -12
right_child=1 5 8 4 -6 7 -8 -9 -10 -11 13 -13 -14 -15
leaf_value=-0.096627886420460218 -0.042981746668885913 -0.012402905592766149 -0.053811897422540153 0.0014061826158586997 0.096834236956340108 0.097320212659024186 0.074863673392434563 -0.049163173336552693 0.097886682554401 0.08423951147656758 0.092054571440709443 0 -0.074941509295789938 -0.058493903116904902
leaf_weight=2791.2713151163189 1780.1840432735626 1653.7717940108851 339.71623913454823 2629.9577493097167 1118.2553664073348 2682.6518653761595 3969.1421148148365 154.65142231341451 213.5995449014008 129.59976645000279 32.344981981441379 249.63149541290477 576.75025997543707 9.350605948828159
leaf_count=1388629 97976 40507 29517 45054 34606 125988 195124 5582 5925 3353 1096 13869 17493 586
internal_value=0.0146634 0.0408595 -0.0731029 0.00824175 0.0299154 0.0626635 0.0491948 0.0893 0.00329669 -0.0342662 -0.0910978 -0.0310968 -0.0929623 0.0565424
internal_weight=18330.9 14118.2 4212.66 5658 3748.21 8460.22 5622.91 2837.3 802.947 1909.78 3409.72 589.348 3368.02 41.6956
internal_count=2005305 548190 1457115 180989 79660 367201 235631 131570 49311 101329 1407804 43386 1406122 1682
is_linear=0
shrinkage=0.0964179


Tree=52
num_leaves=7
num_cat=0
split_feature=26 12 12 3 25 22
split_gain=3776.95 853.134 1740.88 537.102 174.057 153.83
threshold=1.0000000180025095e-35 1.7911462569582157 -0.59831617770751122 1.3900542603141643 -0.84747980254748345 1.0000000180025095e-35
decision_type=2 2 2 2 2 2
left_child=-1 2 3 -2 -3 -6
right_child=1 4 -4 -5 5 -7
leaf_value=-0.096543617496145775 0.028573974136329814 0.095571454650436163 0.097896574740411191 -0.037451184226131334 0.016827913874150575 -0.048364048516786398
leaf_weight=2468.2180573106743 8112.1277696155012 101.05731504783034 3619.7377459276468 1331.8112976057455 435.8262806609273 1453.7746028234251
leaf_count=1424984 311957 4674 151070 46836 23277 42507
internal_value=0.013967 0.0320964 0.0410569 0.0192543 -0.0266749 -0.0333072
internal_weight=17522.6 15054.3 13063.7 9443.94 1990.66 1889.6
internal_count=2005305 580321 509863 358793 70458 65784
is_linear=0
shrinkage=0.0964179


Tree=53
num_leaves=9
num_cat=0
split_feature=20 27 20 25 25 27 27 25
split_gain=3680.12 1103 755.846 713.848 216.769 657.651 174.385 105.293
threshold=-0.31652377821952643 1.0497027235663763 1.0708169467550437 -0.15114421253004459 -0.84736644215247259 1.84920638500696 -0.33123172993168598 1.240320354135134
decision_type=2 2 2 2 2 2 2 2
left_child=-1 2 3 -2 5 -3 -4 -6
right_child=1 4 6 -5 7 -7 -8 -9
leaf_value=-0.096594982200537985 -0.062931060852318726 -0.014474048727552705 -0.094136953616054536 0.012434358690654809 0.092374786669054118 0.097109006073314422 0.06022069711126378 -0.0083149279142147956
leaf_weight=2427.9047072026879 1475.7226995560341 901.08575271721929 68.260929029900581 5584.1158916647546 2545.4917070874944 1075.2037226567045 2673.0698079401627 99.405574064701796
leaf_count=1420041 87800 36592 14892 139359 155120 56570 91126 3805
internal_value=0.0131842 0.0316759 0.0133578 -0.00332488 0.0705014 0.046244 0.0563112 0.088574
internal_weight=16850.3 14422.4 9801.17 7059.84 4621.19 1976.29 2741.33 2644.9
internal_count=2005305 585264 333177 227159 252087 93162 106018 158925
is_linear=0
shrinkage=0.0964179


Tree=54
num_leaves=8
num_cat=0
split_feature=20 20 11 11 26 20 25
split_gain=3269.13 893.161 632.416 1777.15 179.393 126.787 97.5294
threshold=-0.31652377821952643 1.0708169467550437 1.6373059191125916 -0.65460502750834149 1.0000000180025095e-35 1.8740994592521421 -0.84747980254748345
decision_type=2 2 2 2 2 2 2
left_child=-1 2 3 -2 -3 -6 -4
right_child=1 4 6 -5 5 -7 -8
leaf_value=-0.096563632741720556 -0.0031298039552235387 -0.093836196446319298 0.065588549172234556 0.098011053802598558 0.057911462782895259 0.094595600754160195 -0.045117715089305309
leaf_weight=2205.4238619951066 5827.9973729839548 62.180754496948794 75.913044429151341 2232.2088286830112 2880.6949903503992 1276.1161014754325 1607.9797007578891
leaf_count=1420041 218884 14892 6310 92072 135842 65002 52262
internal_value=0.0124799 0.0297146 0.0136593 0.0248897 0.0667677 0.069214 -0.0400479
internal_weight=16168.5 13963.1 9744.1 8060.21 4218.99 4156.81 1683.89
internal_count=2005305 585264 369528 310956 215736 200844 58572
is_linear=0
shrinkage=0.0964179


Tree=55
num_leaves=9
num_cat=0
split_feature=20 27 25 27 25 27 26 20
split_gain=2905.05 1023.47 495.472 856.166 459.026 1008.85 459.363 168.138
threshold=-0.31652377821952643 0.64998966097664057 0.54517633246108343 0.41012169456472986 -0.15114421253004459 1.0497027235663763 3.3654994447775399 1.8740994592521421
decision_type=2 2 2 2 2 2 2 2
left_child=-1 2 7 -4 5 -3 -6 -2
right_child=1 4 3 -5 6 -7 -8 -9
leaf_value=-0.096533636373651463 -0.046134667293391378 -0.0230287365385691 -0.0083374493872463255 0.096368190335763104 0.097191084886312742 0.065974474913960954 -0.066567414352812507 0.080938313295894959
leaf_weight=2003.3036895740079 1993.7308486187831 1816.2986609525979 2845.3929322464392 972.76612662523985 2262.5021783066913 3392.8474195329472 169.9313214845024 100.11265162704512
leaf_count=1420041 115412 42593 50082 35620 130029 202287 5888 3353
internal_value=0.0117905 0.0278136 -0.00230385 0.0183585 0.0511147 0.0349368 0.0856997 -0.0399845
internal_weight=15556.9 13553.6 5912 3818.16 7641.58 5209.15 2432.43 2093.84
internal_count=2005305 585264 204467 85702 380797 244880 135917 118765
is_linear=0
shrinkage=0.0964179


Tree=56
num_leaves=9
num_cat=0
split_feature=20 27 20 25 25 27 26 20
split_gain=2585.09 910.381 566.852 487.154 241.038 667.542 303.429 168.569
threshold=-0.31652377821952643 1.0497027235663763 1.0708169467550437 -0.15114421253004459 -0.84736644215247259 1.84920638500696 3.3654994447775399 1.8740994592521421
decision_type=2 2 2 2 2 2 2 2
left_child=-1 2 3 -2 5 -3 -6 -4
right_child=1 4 7 -5 6 -7 -8 -9
leaf_value=-0.096504713206235465 -0.051912573190926452 -0.023601652851631023 0.034269389403703457 0.0094603313444329307 0.096931373095656553 0.096909290300578155 -0.038447165748512237 0.091714236350941197
leaf_weight=1819.6880710939877 1546.5080143213272 833.62711155507714 1696.8919472054113 5380.2431518088561 2007.0791214369237 873.20136936940253 165.45047574909404 662.11208967119455
leaf_count=1420041 87800 36592 76198 139359 152379 56570 6546 29820
internal_value=0.0111573 0.0260511 0.00965421 -0.00424575 0.0652697 0.0380627 0.0865842 0.0504593
internal_weight=14984.8 13165.1 9285.76 6926.75 3879.36 1706.83 2172.53 2359
internal_count=2005305 585264 333177 227159 252087 93162 158925 106018
is_linear=0
shrinkage=0.0964179


Tree=57
num_leaves=9
num_cat=0
split_feature=20 27 25 27 26 25 27 26
split_gain=2299.24 881.349 456.129 786.07 411.742 396.368 792.636 140.226
threshold=-0.31652377821952643 0.64998966097664057 -0.15114421253004459 1.0497027235663763 3.3654994447775399 0.54517633246108343 0.41012169456472986 1.0000000180025095e-35
decision_type=2 2 2 2 2 2 2 2
left_child=-1 5 3 -3 -4 7 -7 -2
right_child=1 2 4 -5 -6 6 -8 -9
leaf_value=-0.096476602869909556 -0.096147046916305046 -0.017652596235218729 0.097079747760880158 0.06167176644141293 -0.052674427752237421 -0.009293950053755877 0.096041818304960169 -0.026422285424189531
leaf_weight=1652.8889436371974 315.16069544176571 1896.8123824065551 1970.1117084799334 2988.8930802904069 185.53516209963709 2821.8861319168936 866.63678688835353 1788.8342969464138
leaf_count=1420041 93972 42593 130029 202287 5888 50082 35620 24793
internal_value=0.0104975 0.0242879 0.0472014 0.030872 0.0841442 -0.00356456 0.0154763 -0.0369488
internal_weight=14486.8 12833.9 7041.35 4885.71 2155.65 5792.52 3688.52 2103.99
internal_count=2005305 585264 380797 244880 135917 204467 85702 118765
is_linear=0
shrinkage=0.0964179


Tree=58
num_leaves=8
num_cat=0
split_feature=20 27 27 27 26 20 26
split_gain=2048.93 770.282 422.775 790.884 367.599 255.518 101.908
threshold=-0.31652377821952643 0.64998966097664057 1.0496798749141794 1.0497027235663763 1.0000000180025095e-35 1.8740994592521421 3.3654994447775399
decision_type=2 2 2 2 2 2 2
left_child=-1 4 6 -4 -2 -6 -3
right_child=1 2 3 -5 5 -7 -8
leaf_value=-0.096449040597258187 -0.096228746468446313 0.097021367472498996 -0.015410116069743086 0.060996562792273112 -0.0018809544435952582 0.090172473051362279 -0.13689461512772566
leaf_weight=1501.3712928351597 367.89480184135027 1295.5362945459783 1988.8556425049901 3426.6058479677886 5086.8286934886128 295.03811890352517 16.086162141524255
leaf_count=1420041 113212 83754 44563 252087 79949 11306 393
internal_value=0.00990121 0.0227122 0.0448569 0.0329329 -0.00319551 0.00318405 0.0939617
internal_weight=13978.2 12476.8 6727.08 5415.46 5749.76 5381.87 1311.62
internal_count=2005305 585264 380797 296650 204467 91255 84147
is_linear=0
shrinkage=0.0964179


Tree=59
num_leaves=13
num_cat=0
split_feature=20 27 22 27 27 26 8 20 26 27 20 22
split_gain=1834.65 615.059 399.512 315.3 579.444 308.94 209.47 201.768 79.5108 54.1955 38.9914 26.3612
threshold=0.26764209782656151 0.64998966097664057 1.5800433329245316 1.0496798749141794 1.0497027235663763 1.0000000180025095e-35 -1.388892353266092 0.15294847912769555 3.3654994447775399 2.6488594359603796 0.26746074186432528 1.9548473271282913
decision_type=2 2 2 2 2 2 2 2 2 2 2 2
left_child=2 5 9 8 -5 -2 -7 11 -3 10 -1 -4
right_child=1 3 7 4 -6 6 -8 -9 -10 -11 -12 -13
leaf_value=-0.096417093323358988 -0.096047075031734069 0.096877325961865574 -0.045969560629005632 -0.0064292046022390468 0.062770448801499484 -0.038621225975157152 0.016574269878948573 0.097324380605911309 -0.11053935241344333 0.085399072536520571 -0.065832548548036357 -0.0020256132701368633
leaf_weight=1329.0324029361364 281.92775842733681 1104.8093666788191 310.48097837762907 1795.110831878148 3006.2317605866119 761.53440984059125 3928.288555348292 152.58353442978114 16.026639524847269 15.662575004622338 585.21648924553301 217.13707228424028
leaf_count=1389104 93994 81040 29517 42373 243416 9638 77357 5925 372 860 17840 13869
internal_value=0.00929519 0.0266941 -0.0632814 0.0476812 0.0368972 0.00168045 0.00759378 0.000211284 0.0937259 -0.0856599 -0.0871486 -0.028014
internal_weight=13504 10893.9 2610.11 5922.18 4801.34 4971.75 4689.82 680.202 1120.84 1929.91 1914.25 527.618
internal_count=2005305 548190 1457115 367201 285789 180989 86995 49311 81412 1407804 1406944 43386
is_linear=0
shrinkage=0.0964179


Tree=60
num_leaves=9
num_cat=0
split_feature=20 20 10 11 20 20 4 22
split_gain=1631.76 695.858 481.386 576.549 156.591 217.29 42.7036 11.3792
threshold=-0.31652377821952643 1.0708169467550437 -1.5514271540784927 1.6373059191125916 1.8740994592521421 1.8737983474024262 -0.086714383624821187 1.0000000180025095e-35
decision_type=2 2 2 2 2 2 2 2
left_child=-1 2 6 -4 5 -3 -2 -6
right_child=1 4 3 -5 7 -7 -8 -9
leaf_value=-0.096395208184861317 -0.045707439112709213 0.084466078148514007 0.025337887778002586 -0.038729492648619655 0.097029413987911428 0.022744015806503277 -0.095416916155866061 0.062914888782259495
leaf_weight=1240.825309031643 303.02675068739336 824.56432482181117 6314.0670854643686 1644.3113954040455 767.80199751444161 1492.0224406654015 364.34641953802202 124.52309522614814
leaf_count=1420041 10487 57980 285954 58572 56645 92200 14515 8911
internal_value=0.00871897 0.0197544 0.00548611 0.012091 0.0580755 0.0447721 -0.0730633 0.0924304
internal_weight=13075.5 11834.7 8625.75 7958.38 3208.91 2316.59 667.373 892.325
internal_count=2005305 585264 369528 344526 215736 150180 25002 65556
is_linear=0
shrinkage=0.0964179


Tree=61
num_leaves=9
num_cat=0
split_feature=26 20 20 20 22 20 11 22
split_gain=1469.09 761.265 375.723 592.555 360.002 863.205 136.984 108.685
threshold=1.0000000180025095e-35 0.66922973851436185 1.0707483789858514 1.0708169467550437 0.63684961880529978 0.42830136695443527 -0.65460502750834149 1.9517731565516774
decision_type=2 2 2 2 2 2 2 2
left_child=-1 4 7 -4 6 -6 -2 -3
right_child=1 2 3 -5 5 -7 -8 -9
leaf_value=-0.09636875574351525 -0.061264504193336511 0.09764906706661404 -0.009577117246747811 0.057980924829879245 -0.015748966493594866 0.095535145673433325 -0.007523761030613068 -0.12774534553964154
leaf_weight=1137.2266837743809 1200.8502029939555 1059.2773937811144 2020.6135414857417 2991.2278300677426 2765.6843217097921 844.42689623078331 699.6431051135296 18.815936875529587
leaf_count=1424984 88676 59997 74382 200844 72646 38878 44366 532
internal_value=0.00812861 0.0183877 0.0418793 0.0307421 -0.00757162 0.0103018 -0.0415225 0.0934983
internal_weight=12737.8 11600.5 6089.93 5011.84 5510.6 3610.11 1900.49 1078.09
internal_count=2005305 580321 335755 275226 244566 111524 133042 60529
is_linear=0
shrinkage=0.0964179


Tree=62
num_leaves=9
num_cat=0
split_feature=27 27 12 12 4 25 27 27
split_gain=1313.32 601.128 531.294 1700.77 99.1991 25.9565 68.2506 2.68304
threshold=-0.063628669622134662 1.84920638500696 1.7911462569582157 -0.59831617770751122 0.00014212981636019497 -0.15117255224238041 2.6441926897428569 -0.33123172993168598
decision_type=2 2 2 2 2 2 2 2
left_child=7 2 3 -2 -4 -3 -7 -1
right_child=1 5 4 -5 -6 6 -8 -9
leaf_value=-0.096341060971174355 -0.0032451909136873187 0.09668822922186944 -0.063141422294355487 0.097821908713207228 -0.015787481870103297 0.093338976050110184 -0.06690927685822784 -0.035151589675983752
leaf_weight=1032.9808071551379 6758.2310663432581 830.6115326709114 831.63002137863077 2005.8771763448603 819.88811973016709 81.9303027857095 33.491439074743539 10.977051718160508
leaf_count=1424984 306315 78896 33866 120901 29175 8425 2529 214
internal_value=0.00761749 0.0171341 0.0104394 0.0198959 -0.0396927 0.0906614 0.0462519 -0.0957871
internal_weight=12405.6 11361.7 10415.6 8764.11 1651.52 946.033 115.422 1043.96
internal_count=2005305 580107 490257 427216 63041 89850 10954 1425198
is_linear=0
shrinkage=0.0964179


Tree=63
num_leaves=8
num_cat=0
split_feature=20 27 20 2 26 25 22
split_gain=1210.79 558.371 492.648 462.349 49.2551 19.654 14.7158
threshold=-0.31652377821952643 1.84920638500696 1.8740994592521421 1.5812841734559624 3.3654994447775399 -0.15114421253004459 1.0000000180025095e-35
decision_type=2 2 2 2 2 2 2
left_child=-1 2 3 -2 -3 -6 -4
right_child=1 4 6 -5 5 -7 -8
leaf_value=-0.096333864265869401 0.0099915561798583127 0.096625751852979683 0.09687704107255421 -0.074533803087530562 -0.040904481681715961 0.07246741418548136 0.053446193276499333
leaf_weight=966.00181948195677 8993.1176766778808 806.27949850726873 558.25936851883307 643.08167429536115 34.823854081798345 21.672136034350842 95.796690772287548
leaf_count=1420041 418399 85968 45280 24935 2156 1229 7297
internal_value=0.00712385 0.0161004 0.00984272 0.00433548 0.0905376 0.00275992 0.0907171
internal_weight=12119 11153 10290.3 9636.2 862.775 56.496 654.056
internal_count=2005305 585264 495911 443334 89353 3385 52577
is_linear=0
shrinkage=0.0964179


Tree=64
num_leaves=9
num_cat=0
split_feature=20 20 8 8 20 20 4 22
split_gain=1081.72 503.852 375.902 929.56 156.875 217.705 76.253 13.7806
threshold=-0.31652377821952643 1.0708169467550437 1.389547605120159 0.46340188887591693 1.8740994592521421 1.8737983474024262 0.00014212981636019497 1.0000000180025095e-35
decision_type=2 2 2 2 2 2 2 2
left_child=-1 2 3 -2 5 -3 -4 -6
right_child=1 4 6 -5 7 -7 -8 -9
leaf_value=-0.096303693437719495 -0.0023101305788826567 0.081688884839673195 -0.064444708946584425 0.098124614487219472 0.096761949883798187 0.014666989916015092 -0.019222805557626774 0.055836345958916685
leaf_weight=877.47331452433718 5886.1915083336644 680.57278040074743 717.56995978963096 1000.8830762780271 583.16512523125857 1334.9985783039592 678.54063329857308 102.36428119568154
leaf_count=1420041 266680 57980 27115 52788 56645 92200 22945 8911
internal_value=0.00660905 0.0148463 0.0030462 0.0123 0.0509958 0.0373622 -0.0425389 0.0908478
internal_weight=11861.8 10984.3 8283.19 6887.07 2701.1 2015.57 1396.11 685.529
internal_count=2005305 585264 369528 319468 215736 150180 50060 65556
is_linear=0
shrinkage=0.0964179


Tree=65
num_leaves=7
num_cat=0
split_feature=27 3 3 3 27 21
split_gain=993.502 560.58 956.659 904.657 99.0071 69.8304
threshold=-0.33123172993168598 -1.3888661770997277 -0.46713440540190715 -0.46249686779901333 2.6488594359603796 2.0908790207776766
decision_type=2 2 2 2 2 2
left_child=-1 4 -3 -4 5 -2
right_child=1 2 3 -5 -6 -7
leaf_value=-0.096282948930908996 -0.045569032721344861 0.097706420624169538 -0.057625577608390745 0.026144276911222356 0.093193468052669065 0.06244107674263312
leaf_weight=816.5519683076127 1557.4311690886971 1364.3995446469635 1478.294677466969 6298.1833425337682 50.563755972310901 56.08388377726078
leaf_count=1424984 57663 92600 69931 348531 4967 6629
internal_value=0.00615463 0.0139125 0.0232859 0.0102065 -0.037527 -0.0417342
internal_weight=11621.5 10805 9140.88 7776.48 1664.08 1613.52
internal_count=2005305 580321 511062 418462 69259 64292
is_linear=0
shrinkage=0.0964179


Tree=66
num_leaves=7
num_cat=0
split_feature=20 3 3 3 20 27
split_gain=891.662 558.46 998.469 998.459 110.6 103.69
threshold=-0.31652377821952643 1.3900542603141643 0.46377620573662165 0.46339115407939852 2.6777818959804365 2.6488594359603796
decision_type=2 2 2 2 2 2
left_child=-1 2 3 -2 5 -3
right_child=1 4 -4 -5 -6 -7
leaf_value=-0.096255276621622698 0.025224865586447966 -0.04836316215776116 0.097792857751068427 -0.064364579191080795 0.093775193389851089 0.093107171890695076
leaf_weight=743.13825407568947 6240.0740105657605 1520.4462516974891 1376.1441394998692 1417.7704573165393 54.557706527877599 48.133021931629628
leaf_count=1420041 352431 61384 92336 70145 4411 4557
internal_value=0.00573787 0.0128668 0.0222256 0.0086236 -0.0391706 -0.0439085
internal_weight=11400.3 10657.1 9033.99 7657.84 1623.14 1568.58
internal_count=2005305 585264 514912 422576 70352 65941
is_linear=0
shrinkage=0.0964179


Tree=67
num_leaves=9
num_cat=0
split_feature=27 20 20 20 27 27 22 27
split_gain=819.885 504.824 391.78 437.092 268.216 314.745 95.1914 7.83294
threshold=-0.33123172993168598 0.66922973851436185 1.0707483789858514 1.0708169467550437 1.84920638500696 1.8480936624362816 1.9517731565516774 2.6488594359603796
decision_type=2 2 2 2 2 2 2 2
left_child=-1 4 6 -4 5 -2 -3 -6
right_child=1 2 3 -5 7 -7 -8 -9
leaf_value=-0.096231514064660184 -0.007378056321415442 0.097379264669797655 -0.01237208656277621 0.048757730666391268 0.058133010836245759 -0.0999533284616132 -0.1029403473851284 0.095850144329266723
leaf_weight=691.1966733870504 4599.2574221089017 847.60545661300421 1964.8933613626286 2429.682227572659 95.392513136612251 367.36859843065031 21.223129986785352 179.46597357606515
leaf_count=1424984 192796 59997 74382 200844 9196 26123 532 16451
internal_value=0.0053571 0.0120585 0.0331478 0.0214227 -0.00911585 -0.0142629 0.0922642 0.0833031
internal_weight=11196.1 10504.9 5263.4 4394.58 5241.48 4966.63 868.829 274.858
internal_count=2005305 580321 335755 275226 244566 218919 60529 25647
is_linear=0
shrinkage=0.0964179


Tree=68
num_leaves=8
num_cat=0
split_feature=26 3 3 3 4 4 20
split_gain=735.259 477.497 881.795 763.185 117.838 3324.63 34.1722
threshold=1.0000000180025095e-35 -1.3888661770997277 -0.46713440540190715 -0.46249686779901333 0.018292216304027015 1.0000000180025095e-35 1.8740994592521421
decision_type=2 2 2 2 2 2 2
left_child=-1 4 -3 -4 5 -2 -6
right_child=1 2 3 -5 6 -7 -8
leaf_value=-0.096195744758662896 -0.016146454608731861 0.097530835146686409 -0.053419999499125792 0.023341172145558354 -0.014150305860244159 -0.86915723269518419 0.083409652674681603
leaf_weight=627.88774588698288 803.01649043371435 1182.1344983889721 1503.129467461491 6023.1904014913598 786.78587142413016 43.260417065583169 33.188109111506492
leaf_count=1424984 31353 92600 69931 348531 29180 5944 2782
internal_value=0.00497943 0.01112 0.0201714 0.0079978 -0.0361379 -0.0613512 -0.0100028
internal_weight=11002.6 10374.7 8708.45 7526.32 1666.25 846.277 819.974
internal_count=2005305 580321 511062 418462 69259 37297 31962
is_linear=0
shrinkage=0.0964179


Tree=69
num_leaves=8
num_cat=0
split_feature=20 27 11 11 10 26 27
split_gain=675.89 465.667 414.931 1623.36 531.829 53.2469 14.5336
threshold=-0.31652377821952643 1.84920638500696 -0.65460502750834149 1.6373059191125916 0.51742061525876248 3.3654994447775399 2.6488594359603796
decision_type=2 2 2 2 2 2 2
left_child=-1 2 4 -4 -2 -3 -7
right_child=1 5 3 -5 -6 6 -8
leaf_value=-0.096174449956186916 0 0.096451848062365869 0.09755932345345518 -0.030368068103311507 -0.088196066402427109 -0.038627061457514905 0.068733779707920536
leaf_weight=582.53635411255527 5160.6869287986774 611.02209117589518 1753.6117476550862 1941.1265696415212 723.26725669635925 36.133527472149581 15.344935650471596
leaf_count=1420041 257324 85968 131651 75832 31104 2197 1188
internal_value=0.00469824 0.0104537 0.00503569 0.0303555 -0.0108613 0.0885343 -0.00483516
internal_weight=10823.7 10241.2 9578.69 3694.74 5883.95 662.501 51.4785
internal_count=2005305 585264 495911 207483 288428 89353 3385
is_linear=0
shrinkage=0.0964179


Tree=70
num_leaves=8
num_cat=0
split_feature=26 3 3 3 4 4 20
split_gain=610.05 450.396 898.536 810.452 89.7437 3771.93 26.9882
threshold=1.0000000180025095e-35 1.3900542603141643 0.46377620573662165 0.46339115407939852 1.0000000180025095e-35 0.00014212981636019497 2.6777818959804365
decision_type=2 2 2 2 2 2 2
left_child=-1 2 3 -2 6 -6 -3
right_child=1 4 -4 -5 5 -7 -8
leaf_value=-0.096133005224114443 0.022131045671622062 -0.016421275760325618 0.097598814910035372 -0.058150325569090909 -1.0276135714876002 -0.01544309603095045 0.088921670244755377
leaf_weight=531.29706608696142 5878.3467366305122 774.47396168101113 1155.4543473888189 1457.3845963110216 34.15768083545845 803.56117310537957 21.622550748987123
leaf_count=1424984 350591 29246 92336 68404 5514 32177 2053
internal_value=0.0044118 0.00970569 0.0186295 0.00616747 -0.0366232 -0.0586369 -0.0133421
internal_weight=10656.3 10125 8491.19 7335.73 1633.82 837.719 796.097
internal_count=2005305 580321 511331 418995 68990 37691 31299
is_linear=0
shrinkage=0.0964179


Tree=71
num_leaves=8
num_cat=0
split_feature=20 27 20 25 26 22 25
split_gain=557.788 418.247 369.129 354.25 52.5661 17.4126 15.0849
threshold=-0.31652377821952643 1.84920638500696 1.8740994592521421 -0.84736644215247259 3.3654994447775399 1.0000000180025095e-35 -0.15114421253004459
decision_type=2 2 2 2 2 2 2
left_child=-1 2 3 -2 -3 -4 -6
right_child=1 4 5 -5 6 -7 -8
leaf_value=-0.0961041930630432 -0.067254546974898771 0.096375309910404605 0.096523347031544887 0.0052816831549598042 -0.041259928159444452 0.043485765196123294 0.065762957383421708
leaf_weight=489.93939251775737 675.50188517995412 541.28394345100969 385.74267708207481 8277.6371933525661 34.70784620475024 75.363148408010602 16.809440845157951
leaf_count=1420041 73020 85968 45280 370314 2156 7297 1229
internal_value=0.0041677 0.00909515 0.00413778 -0.000198066 0.0875388 0.0881135 -0.00472905
internal_weight=10497 10007 9414.24 8953.14 592.801 461.106 51.5173
internal_count=2005305 585264 495911 443334 89353 52577 3385
is_linear=0
shrinkage=0.0964179


Tree=72
num_leaves=8
num_cat=0
split_feature=26 3 3 3 4 4 20
split_gain=507.769 384.52 794.068 627.647 95.8526 2404.43 28.2447
threshold=1.0000000180025095e-35 -1.3888661770997277 -0.46713440540190715 -0.46249686779901333 0.00014212981636019497 1.0000000180025095e-35 1.8740994592521421
decision_type=2 2 2 2 2 2 2
left_child=-1 4 -3 -4 5 -2 -6
right_child=1 2 3 -5 6 -7 -8
leaf_value=-0.096062873184770983 -0.01640973075400198 0.097358311220239371 -0.048994597494512335 0.020501994704985867 -0.013848505540391734 -0.71654147773841659 0.081168022546496951
leaf_weight=450.61549990231288 794.71627350384369 1001.3885071361437 1530.0883929193951 5715.2447629802919 798.18903108700761 46.791882608144078 28.512895417865366
leaf_count=1424984 31353 92600 69931 348531 29561 5497 2848
internal_value=0.00384756 0.00840673 0.0169503 0.00581295 -0.0337821 -0.0566689 -0.0103772
internal_weight=10365.5 9914.93 8246.72 7245.33 1668.21 841.508 826.702
internal_count=2005305 580321 511062 418462 69259 36850 32409
is_linear=0
shrinkage=0.0964179


Tree=73
num_leaves=8
num_cat=0
split_feature=27 27 11 11 10 25 27
split_gain=457.313 372.465 336.131 1404.83 367.226 33.868 50.47
threshold=-0.33123172993168598 1.84920638500696 -0.65460502750834149 1.6373059191125916 0.51742061525876248 -0.15117255224238041 2.6441926897428569
decision_type=2 2 2 2 2 2 2
left_child=-1 2 4 -4 -2 -3 -7
right_child=1 5 3 -5 -6 6 -8
leaf_value=-0.096014571096850201 -0.0013638074619141693 0.096287474227924372 0.097381610444332495 -0.02630924752630209 -0.072538969141856688 0.090668237814763006 -0.060952072177230476
leaf_weight=409.39371901587583 5032.8567905422096 452.90860873064958 1498.2004474790301 1979.394881405402 776.70003898018331 46.920092435029801 33.526491783210076
leaf_count=1424984 254189 78896 131651 74247 30384 8425 2529
internal_value=0.00362244 0.00779472 0.00328384 0.0269885 -0.010903 0.086029 0.0270819
internal_weight=10229.9 9820.51 9287.15 3477.6 5809.56 533.355 80.4466
internal_count=2005305 580321 490471 205898 284573 89850 10954
is_linear=0
shrinkage=0.0964179


Tree=74
num_leaves=7
num_cat=0
split_feature=20 3 3 3 20 4
split_gain=432.359 363.033 805.071 654.842 72.2133 73.9569
threshold=-0.31652377821952643 1.3900542603141643 0.46377620573662165 0.46339115407939852 2.6777818959804365 -0.12377054536333822
decision_type=2 2 2 2 2 2
left_child=-1 2 3 -2 5 -3
right_child=1 4 -4 -5 -6 -7
leaf_value=-0.09599925424172516 0.019498705192988901 -0.013721028317002129 0.097427956994840012 -0.052478066265001594 0.092322896561344181 -0.055672420345579843
leaf_weight=389.41837503697025 5616.3485924235429 701.15661300928332 984.32553468854167 1484.1846435946645 39.363834936637431 892.36492398020346
leaf_count=1420041 352431 27531 92336 70145 4411 38410
internal_value=0.00340186 0.00740402 0.015783 0.00444027 -0.0340351 -0.0372686
internal_weight=10107.2 9717.74 8084.86 7100.53 1632.89 1593.52
internal_count=2005305 585264 514912 422576 70352 65941
is_linear=0
shrinkage=0.0964179


Tree=75
num_leaves=8
num_cat=0
split_feature=26 27 12 12 4 26 27
split_gain=383.43 333.342 279.294 1329.73 205.448 54.23 12.4983
threshold=1.0000000180025095e-35 1.84920638500696 -0.59831617770751122 1.7911462569582157 1.0000000180025095e-35 3.3654994447775399 3.0738462291640598
decision_type=2 2 2 2 2 2 2
left_child=-1 2 4 -4 -2 -3 -7
right_child=1 5 3 -5 -6 6 -8
leaf_value=-0.095929276875946518 0.0087040510050393448 0.096224592331963801 0.097438860058898888 -0.030768679309257297 -0.026588916838025767 -0.03083352979927682 0.080779061310723224
leaf_weight=348.60139640251873 3021.5961730165873 428.05241817608476 1358.4650040613487 1680.4732219494472 3108.1091385109612 42.306722006818745 10.187781270593403
leaf_count=1424984 146165 85968 120902 63087 160317 2951 931
internal_value=0.00317109 0.0067704 0.00265664 0.0265518 -0.00918785 0.084915 -0.00675485
internal_weight=9997.79 9649.19 9168.64 3038.94 6129.71 480.547 52.4945
internal_count=2005305 580321 490471 183989 306482 89850 3882
is_linear=0
shrinkage=0.0964179


Tree=76
num_leaves=11
num_cat=0
split_feature=3 3 3 3 22 11 11 22 2 16
split_gain=306.965 754.324 515.144 1328.19 68.0989 42.9148 198.944 32.9342 19.769 15.1738
threshold=-1.3888661770997277 -0.46713440540190715 -0.46249686779901333 0.46339115407939852 -0.80608181725790351 -0.65460502750834149 1.6373059191125916 -0.80608181725790351 -1.1298445208197931 0.36078940450773639
decision_type=2 2 2 2 2 2 2 2 2 2
left_child=5 -2 4 -4 -3 7 -7 -1 -9 -8
right_child=1 2 3 -5 -6 6 9 8 -10 -11
leaf_value=0.051234449827014167 0.097195948321857545 0.058890405825573734 0.097558509387207767 -0.011668400700533453 -0.050036946257144922 0.096101242900575798 -0.029888830578529972 -0.070560855933782279 -0.039791263960335943 -0.069378027532740971
leaf_weight=31.054112668512971 842.15645554079674 53.604729386468534 1363.9013680131175 4272.5658315210312 1598.2295735224179 122.9651174293831 347.8523091723473 260.00069779419573 874.02319430597709 127.06352843367495
leaf_count=32492 92600 46251 118801 942348 380149 10450 82230 65125 200448 34411
internal_value=0.00297656 0.0108895 0.000892711 0.0147759 -0.0464266 -0.0334726 -0.0123445 -0.0442521 -0.0469672 -0.0407276
internal_weight=9893.42 8130.46 7288.3 5636.47 1651.83 1762.96 597.881 1165.08 1134.02 474.916
internal_count=2005305 1580149 1487549 1061149 426400 425156 127091 298065 265573 116641
is_linear=0
shrinkage=0.0964179


Tree=77
num_leaves=8
num_cat=0
split_feature=20 20 27 25 25 22 20
split_gain=353.296 314.718 280.96 252.758 35.7136 16.6094 17.9606
threshold=-0.31652377821952643 1.8740994592521421 1.84920638500696 -0.84736644215247259 -0.15117255224238041 1.0000000180025095e-35 2.6641677006711846
decision_type=2 2 2 2 2 2 2
left_child=-1 2 3 -2 -4 -3 -7
right_child=1 5 4 -5 -6 6 -8
leaf_value=-0.095894647164636859 -0.056750651692589783 0.0963755185873445 0.09607206569647965 0.0037059873303422947 0.017760208418311173 0.085028372727319251 -0.0086706028026047946
leaf_weight=324.10840275659575 697.41674572741613 348.5481218501227 319.58355130860582 8000.7632068828098 67.524624772486277 40.876370375044644 32.78657376265619
leaf_count=1420041 73020 56645 67321 370314 9053 6625 2286
internal_value=0.0028407 0.00622593 0.00243292 -0.00114678 0.0826343 0.0874428 0.0435448
internal_weight=9831.61 9507.5 9085.29 8698.18 387.108 422.211 73.6629
internal_count=2005305 585264 519708 443334 76374 65556 8911
is_linear=0
shrinkage=0.0964179


Tree=78
num_leaves=8
num_cat=0
split_feature=26 27 11 11 10 26 25
split_gain=312.31 263.379 255.952 1151.56 229.349 53.3402 10.7583
threshold=1.0000000180025095e-35 1.84920638500696 -0.65460502750834149 1.6373059191125916 0.51742061525876248 3.3654994447775399 -0.15114421253004459
decision_type=2 2 2 2 2 2 2
left_child=-1 2 4 -4 -2 -3 -7
right_child=1 5 3 -5 -6 6 -8
leaf_value=-0.095811782354541714 -0.00198045754676456 0.096073412222417096 0.09720340921327339 -0.020682782256355892 -0.056396457029674114 -0.035597073752486275 0.059090523798872197
leaf_weight=289.0984273772774 4945.1614268525591 344.60893195681274 1235.6052480334183 2039.356341676772 841.51185149776575 37.504689731897088 13.898778477741869
leaf_count=1424984 254189 85968 131651 74247 30384 2629 1253
internal_value=0.00261858 0.00564689 0.00227224 0.023809 -0.00991342 0.0824554 -0.00830091
internal_weight=9746.75 9457.65 9061.63 3274.96 5786.67 396.012 51.4035
internal_count=2005305 580321 490471 205898 284573 89850 3882
is_linear=0
shrinkage=0.0964179


Tree=79
num_leaves=10
num_cat=0
split_feature=20 20 10 10 22 8 20 0 22
split_gain=301.354 277.486 237.653 403.732 17.1638 16.7159 15.9517 8.36588 3.28955
threshold=1.8740994592521421 -0.31652377821952643 -1.5514271540784927 -1.0431660949162691 1.0000000180025095e-35 -0.46432749297187043 2.6641677006711846 -0.73308916951816927 1.1465130965109858
decision_type=2 2 2 2 2 2 2 2 2
left_child=1 -1 5 -4 -2 -3 8 -8 -6
right_child=4 2 3 -5 6 -7 7 -9 -10
leaf_value=-0.095790454650337295 0.096272538605371855 -0.024360090285535801 0.097440591264283324 0.0018822113167803116 0.091394477064390231 -0.055342589351046467 -0.11375113120646928 0.012648122428187854 -0.0062906493113641989
leaf_weight=276.83634817455459 310.33830851712264 232.54638965975028 432.57941259676591 7729.4953234213172 33.894290089374408 606.70099561807001 4.1498191365972152 29.045793611905538 2.5522663090378037
leaf_count=1420041 56645 8130 33789 454215 6347 23574 280 2006 278
internal_value=0.00246013 -0.000989469 0.00193862 0.00696922 0.0864366 -0.0468634 0.04092 -0.00661503 0.083625
internal_weight=9658.14 9278.16 9001.32 8162.07 379.98 839.247 69.6422 33.1956 36.4466
internal_count=2005305 1939749 519708 488004 65556 31704 8911 2286 6625
is_linear=0
shrinkage=0.0964179


Tree=80
num_leaves=15
num_cat=0
split_feature=20 20 20 20 22 20 22 12 12 2 8 22 22 6
split_gain=271.127 413.761 313.569 369.636 291.885 350.202 71.7795 58.0732 127.859 47.5066 29.8067 10.6727 3.25241 3.16621
threshold=0.42830136695443527 0.66918517126353072 0.66922973851436185 1.0707483789858514 1.1478934659252282 0.26764209782656151 1.5800433329245316 -0.59831617770751122 1.7911462569582157 -1.58173193882713 0.46340188887591693 2.284768560837489 2.9446933870007466 0.65403278076175442
decision_type=2 2 2 2 2 2 2 2 2 2 2 2 2 2
left_child=4 11 9 -4 7 6 -6 10 -9 -3 -1 -2 -7 -13
right_child=1 2 3 -5 5 12 -8 8 -10 -11 -12 13 -14 -15
leaf_value=-0.078904559195886931 0.09751095860439972 -0.076562813745207209 0.089678549854735931 0.0085657750276693281 -0.038650582245490263 0.098157700151553909 0.0073350284460379613 0.095178464127700271 -0.048883042584709463 -0.0233040342018625 -0.039717807850412727 -0.088774082524346307 -0.027587838585402365 0.037298895968609837
leaf_weight=685.14178732056462 507.12828790955245 172.83342646074016 603.70798985363217 3823.1030830345117 656.87621890541777 308.80450970522361 602.99361664128082 67.507353726308793 331.52693355065276 1558.9808601790573 258.24332127124944 2.6790141101228064 0.84473025012994085 1.5685996741522101
leaf_count=769145 38602 5795 61027 317561 79745 16753 49311 4731 340020 66882 255457 160 37 79
internal_value=0.00227112 0.0129904 0.00605262 0.0196641 -0.0222633 0.00595062 -0.016631 -0.055245 -0.0241381 -0.0287058 -0.0683012 0.0961935 0.0975583 -0.0385551
internal_weight=9581.94 6670 6158.63 4426.81 2911.94 1569.52 1259.87 1342.42 399.034 1731.81 943.385 511.376 309.649 4.24761
internal_count=2005305 490106 451265 378588 1515199 145846 129056 1369353 344751 72677 1024602 38841 16790 239
is_linear=0
shrinkage=0.0964179


Tree=81
num_leaves=11
num_cat=0
split_feature=20 20 4 4 6 17 6 0 0 27
split_gain=268.764 235.887 229.334 10111.3 92.0013 12.4378 13.3193 8.81162 5.8583 2.2723
threshold=1.8740994592521421 -0.31652377821952643 0.00014212981636019497 1.0000000180025095e-35 -1.5260999126455344 -0.54759333319399828 -1.5260999126455344 -0.73962408274557312 -0.14576178332651266 1.0000000180025095e-35
decision_type=2 2 2 2 2 2 2 2 2 2
left_child=1 -1 3 -3 -4 9 8 -8 -7 -2
right_child=5 2 4 -5 -6 6 7 -9 -10 -11
leaf_value=-0.095667195935025276 -0.0070842933795550334 0.016292669810532324 -0.034700087229770998 -0.70481697201514759 0.020947172100605215 -0.18810029485060381 -0.058740532419879948 0.06637950792930554 0.0080616316813601242 0.095145558173787448
leaf_weight=236.72805069504102 1.1571751793380816 4345.69800283527 294.22521239035996 187.00990468243253 4105.6138136130467 1.5614962867693978 4.1950515027856445 59.633859641384333 1.74220173456706 277.71713649982121
leaf_count=1420041 176 249034 11381 21808 237485 160 541 9734 166 54779
internal_value=0.00215444 -0.000996287 0.00152528 -0.0136889 0.0172065 0.0853741 0.0453993 0.0563676 -0.108384 0.0945542
internal_weight=9515.28 9169.27 8932.55 4532.71 4399.84 346.007 67.1326 63.8289 3.3037 278.874
internal_count=2005305 1939749 519708 270842 248866 65556 10601 10275 326 54955
is_linear=0
shrinkage=0.0964179


Tree=82
num_leaves=12
num_cat=0
split_feature=20 27 11 11 10 26 22 20 27 0 22
split_gain=239.94 225.041 209.708 1030.35 155.211 54.1955 19.0049 15.6574 11.097 6.20148 3.35628
threshold=1.8740994592521421 1.84920638500696 -0.65460502750834149 1.6373059191125916 0.51742061525876248 3.3654994447775399 1.0000000180025095e-35 2.6641677006711846 3.0738462291640598 -0.73308916951816927 1.1465130965109858
decision_type=2 2 2 2 2 2 2 2 2 2 2
left_child=1 2 4 -4 -1 -3 -2 10 -7 -9 -8
right_child=6 5 3 -5 -6 8 7 9 -10 -11 -12
leaf_value=-0.0076988386027478624 0.096059798757868339 0.095900540693519817 0.097083900657376487 -0.022164581293838862 -0.051600174806475753 -0.036029237283519644 0.090428014042335886 -0.10065946427657428 0.077508883367084475 0.0058303355911817649 -0.0096768517431528624
leaf_weight=4813.6999150118936 255.26486534415744 267.69560998305678 998.09465849201661 2062.823584639671 885.8965732745346 39.968135734641692 28.731166870333258 4.5009733157930922 8.2273908206261677 26.91905833769124 2.4307634523138395
leaf_count=1042362 56645 73390 113061 476123 231332 2669 6347 280 812 2006 278
internal_value=0.00217262 -0.000713863 -0.00360715 0.0167382 -0.0145414 0.0790246 0.084303 0.0345851 -0.0140528 -0.0124648 0.0814227
internal_weight=9394.25 9076.41 8760.51 3060.92 5699.6 315.891 317.847 62.582 48.1955 31.42 31.1619
internal_count=2005305 1939749 1862878 589184 1273694 76871 65556 8911 3481 2286 6625
is_linear=0
shrinkage=0.0964179


Tree=83
num_leaves=8
num_cat=0
split_feature=26 12 12 4 4 11 4
split_gain=225.693 207.565 1027.42 154.584 3459.85 63.376 45.1926
threshold=1.0000000180025095e-35 -0.59831617770751122 1.7911462569582157 0.027319677677985005 1.0000000180025095e-35 -0.65460502750834149 0.00014212981636019497
decision_type=2 2 2 2 2 2 2
left_child=-1 3 -3 4 -2 -5 -4
right_child=1 2 6 5 -6 -7 -8
leaf_value=-0.095575536961093943 0.0087152029492074609 0.097178152333071213 -0.034858855790078233 0 -0.36311026145439518 0.029552429695866658 -0.0040759677019024422
leaf_weight=213.40474905338488 2997.6900886827498 1135.7592284965795 924.92686851709004 1939.2352563110762 250.6019692068221 1033.7209551332635 856.80465317011112
leaf_count=1424984 172358 151070 37491 96345 19806 70284 32967
internal_value=0.00206144 0.00436171 0.0255756 -0.00558487 -0.0201242 0.0102911 -0.0200931
internal_weight=9352.14 9138.74 2917.49 6221.25 3248.29 2972.96 1781.73
internal_count=2005305 580321 221528 358793 192164 166629 70458
is_linear=0
shrinkage=0.0964179


Tree=84
num_leaves=11
num_cat=0
split_feature=20 20 27 1 17 27 6 0 14 27
split_gain=210.437 197.345 183.788 177.004 13.7078 12.2291 11.2629 7.45982 4.63266 2.11272
threshold=1.8740994592521421 -0.31652377821952643 1.84920638500696 -0.45773783561669862 -0.54759333319399828 2.6488594359603796 -1.5260999126455344 -0.73962408274557312 0.52627810248684137 1.0000000180025095e-35
decision_type=2 2 2 2 2 2 2 2 2 2
left_child=1 -1 3 -3 9 -4 8 -8 -6 -2
right_child=4 2 5 -5 6 -7 7 -9 -10 -11
leaf_value=-0.095505073210590513 -0.0059422048639203766 -0.016934335402631263 0.050468184925084709 0.011166308225231158 -0.16318690113324244 0.093895957126323759 -0.051687880551399126 0.061863002143945633 0.0073980762701808369 0.094692297563803748
leaf_weight=197.54475698940951 1.0891564162448037 3673.970211587075 110.11445756070316 4809.9121261852561 1.8469923059456044 174.27060424687807 4.4247736579272887 51.712150127976201 1.7029302968876434 226.20623952057213
leaf_count=1420041 176 177093 26681 266241 160 49693 541 9734 166 54779
internal_value=0.002012 -0.000592352 0.00155888 -0.000999388 0.0830541 0.0775836 0.0393631 0.0511015 -0.0974428 0.0940137
internal_weight=9252.79 8965.81 8768.27 8483.88 286.982 284.385 59.6868 56.1369 3.54992 227.295
internal_count=2005305 1939749 519708 443334 65556 76374 10601 10275 326 54955
is_linear=0
shrinkage=0.0964179


Tree=85
num_leaves=8
num_cat=0
split_feature=26 8 8 8 4 4 19
split_gain=192.597 182.791 771.747 532.021 58.7481 917.268 19.2586
threshold=1.0000000180025095e-35 -1.388892353266092 -0.46432749297187043 -0.46276411544014412 0.00014212981636019497 1.0000000180025095e-35 0.27496679645898159
decision_type=2 2 2 2 2 2 2
left_child=-1 4 -3 -4 5 -2 -6
right_child=1 2 3 -5 6 -7 -8
leaf_value=-0.095431166261495629 -0.014277316486136256 0.097433059939284777 -0.052451277382561633 0.013948853566390243 0.0066896358359422635 -0.3968855331642353 -0.02264727949649295
leaf_weight=183.76455078765139 792.18900657497579 837.96875721425749 1440.740145689866 5045.4741881758091 459.92829143964627 61.312003485836613 375.57715362157614
leaf_count=1424984 31361 92560 69748 348836 21431 5517 10868
internal_value=0.00184762 0.00385158 0.0104494 -0.000803884 -0.0247205 -0.0424957 -0.00647273
internal_weight=9196.95 9013.19 7324.18 6486.21 1689.01 853.501 835.505
internal_count=2005305 580321 511144 418584 69177 36878 32299
is_linear=0
shrinkage=0.0964179


Tree=86
num_leaves=12
num_cat=0
split_feature=20 12 12 4 4 20 4 22 20 17 22
split_gain=185.455 172.28 939.39 131.048 3066.02 58.8364 51.1619 20.2577 13.7732 8.45879 3.29322
threshold=1.8740994592521421 -0.59831617770751122 1.7911462569582157 0.00014212981636019497 1.0000000180025095e-35 -0.31652377821952643 1.0000000180025095e-35 1.0000000180025095e-35 2.6641677006711846 0.97044492071267496 1.1465130965109858
decision_type=2 2 2 2 2 2 2 2 2 2 2
left_child=1 3 -3 4 -1 -5 -4 -2 10 -10 -9
right_child=7 2 6 5 -6 -7 -8 8 9 -11 -12
leaf_value=0.0031725139280328095 0.09581499410080796 0.097081209131287566 -0.004629341312410537 -0.093056209678475485 -0.3649505080630947 0.0067464943310696296 -0.037130119866752027 0.089025595453912323 0.013660375564976067 -0.096041803143584653 -0.011909454080094863
leaf_weight=2914.2345249626451 204.28510722279316 947.34155536966864 879.40865962289536 54.334573208907386 225.077061851498 2915.3627950747614 928.4193500800211 23.3602788024582 23.240291351685304 7.157224914408288 2.3178739171707994
leaf_count=588130 56645 129926 173763 433476 215288 152381 246785 6347 1800 486 278
internal_value=0.00173978 -0.000618876 0.0193856 -0.00964957 -0.0233814 0.00485917 -0.0213584 0.0816939 0.0283917 -0.0145474 0.0784227
internal_weight=9124.54 8864.18 2755.17 6109.01 3139.31 2969.7 1807.83 260.361 56.0757 30.3975 25.6782
internal_count=2005305 1939749 550474 1389275 803418 585857 420548 65556 8911 2286 6625
is_linear=0
shrinkage=0.0964179


Tree=87
num_leaves=11
num_cat=0
split_feature=27 25 25 25 20 26 1 5 27 27
split_gain=172.034 194.981 404.822 171.252 53.8996 52.5693 36.8064 15.741 9.38606 13.3968
threshold=1.84920638500696 -0.84736644215247259 -0.15117255224238041 -0.15114421253004459 1.0708169467550437 3.3654994447775399 1.3682752006849801 -2.0584593928769599 3.0738462291640598 2.6441926897428569
decision_type=2 2 2 2 2 2 2 2 2 2
left_child=1 4 -3 -4 6 -2 -1 -6 9 -7
right_child=5 2 3 -5 7 8 -8 -9 -10 -11
leaf_value=-0.046575722364215061 0.095734962462838316 0.096282733854108654 -0.027234397528656164 0.0068240323990808489 -0.17677546800171326 0.06670349742195926 -0.10395702594845176 0.0088794993147357278 0.075233998855573983 -0.061668347812864198
leaf_weight=489.40521566205643 227.36065671150573 415.47955005755648 1800.3521756677765 5755.3419876076332 2.757256521828821 8.0569936195242899 135.08896906355949 154.30208631897403 7.2328588513191781 32.369064558784885
leaf_count=416654 85968 81765 456579 803245 327 956 136751 20134 931 1995
internal_value=0.00166533 -0.000696396 0.00380896 -0.00129058 -0.0466074 0.0765296 -0.05928 0.00364262 -0.0144894 -0.0336567
internal_weight=9027.75 8752.73 7971.17 7555.69 781.554 275.02 624.494 157.059 47.6589 40.4261
internal_count=2005305 1915455 1341589 1259824 573866 89850 553405 20461 3882 2951
is_linear=0
shrinkage=0.0964179


Tree=88
num_leaves=12
num_cat=0
split_feature=20 20 1 1 4 17 6 8 14 5 27
split_gain=162.92 153.682 141.566 431.193 43.5089 14.7789 9.35644 8.41642 3.67951 2.13554 0.898975
threshold=1.8740994592521421 -0.31652377821952643 1.3682752006849801 0.45536334820088836 0.00014212981636019497 -0.54759333319399828 -1.5260999126455344 -1.388892353266092 0.52627810248684137 2.2248933055288962 -0.091387821911458084
decision_type=2 2 2 2 2 2 2 2 2 2 2
left_child=1 -1 3 -3 -4 9 8 -8 -7 10 -2
right_child=5 2 4 -5 -6 6 7 -9 -10 -11 -12
leaf_value=-0.095240303157200015 0 0.00087938922667460504 -0.03840630376732803 0.097415505655725709 -0.0078106445861919945 -0.14186761081623794 -0.041406955997567621 0.062025451333202884 0.0068092665127452313 0 0.094652707456013438
leaf_weight=154.99598118027279 0.30740320251788844 6420.1189859005535 884.85105808767548 459.49478378199274 851.92954165805713 2.1381497214897531 7.1650200802250756 42.566674897330813 1.6684979533310977 1.6873057094053354 181.25196025316836
leaf_count=1420041 158 385587 45999 47561 40561 160 797 9478 166 358 54439
internal_value=0.00155633 -0.000576905 0.00113911 0.00735352 -0.0234403 0.0802047 0.0332311 0.0455921 -0.0872676 0.0933265 0.0943317
internal_weight=9008.18 8771.39 8616.39 6879.61 1736.78 236.785 53.5383 49.7317 3.80665 183.247 181.559
internal_count=2005305 1939749 519708 433148 86560 65556 10601 10275 326 54955 54597
is_linear=0
shrinkage=0.0964179


Tree=89
num_leaves=13
num_cat=0
split_feature=11 11 4 4 20 20 13 13 4 4 12 1
split_gain=156.841 854.306 109.983 2567.5 137.53 69.8598 65.9865 94.6611 44.7883 850.58 31.9199 12.7676
threshold=-0.65460502750834149 1.6373059191125916 0.00014212981636019497 1.0000000180025095e-35 1.3918653509338064 0.66922973851436185 1.6159773386705829 1.320901794617299 1.0000000180025095e-35 0.00014212981636019497 -0.59831617770751122 -0.45773783561669862
decision_type=2 2 2 2 2 2 2 2 2 2 2 2
left_child=2 -2 3 5 -5 -1 7 -4 10 -10 -3 -8
right_child=1 8 6 4 -6 -7 11 -9 9 -11 -12 -13
leaf_value=-0.0093697969086076749 0.096876825479709744 -0.011082974807571346 0.0069715779099528792 -0.30155620030619484 -0.52878118020135956 0.021133643164417577 -0.05610765896261477 0.096568590312749086 -0.30352108477331813 -0.0018279935688799971 0.02557058724854799 -0.01693179399282255
leaf_weight=1580.9376945648255 918.2342572354828 710.40529690423864 2427.1816955018076 183.7184193093417 32.471860721809207 1246.2257564467436 147.57832128963855 113.34058324276702 93.411628344652854 1017.8848598665536 318.57732319408751 172.24909670572015
leaf_count=471838 164594 149221 484079 201603 3052 101937 37370 11229 82588 205059 53818 38917
internal_value=0.00144153 0.0191603 -0.00773454 -0.0204907 -0.339485 0.00406779 0.00582898 0.0110413 -0.0142126 -0.0276196 0.000252051 -0.0353107
internal_weight=8962.22 3058.51 5903.7 3043.35 216.19 2827.16 2860.35 2540.52 2140.28 1111.3 1028.98 319.827
internal_count=2005305 655280 1350025 778430 204655 573775 571595 495308 490686 287647 203039 76287
is_linear=0
shrinkage=0.0964179


Tree=90
num_leaves=8
num_cat=0
split_feature=26 27 12 12 2 26 27
split_gain=146.45 138.368 128.931 756.322 99.421 49.9189 7.97951
threshold=1.0000000180025095e-35 1.84920638500696 -0.59831617770751122 1.7911462569582157 -1.58173193882713 3.3654994447775399 3.0738462291640598
decision_type=2 2 2 2 2 2 2
left_child=-1 2 4 -4 -2 -3 -7
right_child=1 5 3 -5 -6 6 -8
leaf_value=-0.095131949482883643 -0.046885608345332938 0.095592677522083599 0.096979032549532093 -0.015844355114840187 -0.0030362038138464632 -0.029724928636610439 0.073553544568250778
leaf_weight=142.15227912024602 526.80852368718115 196.77360153419431 795.71948736929335 1795.64868388791 5358.9714450131087 41.461181192917138 6.6050678582396349
leaf_count=1424984 18322 85968 120902 63087 288160 2951 931
internal_value=0.00138724 0.00298163 0.000906715 0.0188243 -0.00697878 0.0742029 -0.0128918
internal_weight=8864.14 8721.99 8477.15 2591.37 5885.78 244.84 48.0662
internal_count=2005305 580321 490471 183989 306482 89850 3882
is_linear=0
shrinkage=0.0964179


Tree=91
num_leaves=10
num_cat=0
split_feature=20 20 11 11 4 22 20 17 22
split_gain=137.968 127.182 125.346 725.168 88.6105 21.3061 11.3429 5.99943 3.23094
threshold=1.8740994592521421 -0.31652377821952643 -0.65460502750834149 1.6373059191125916 0.00014212981636019497 1.0000000180025095e-35 2.6641677006711846 0.97044492071267496 1.1465130965109858
decision_type=2 2 2 2 2 2 2 2 2
left_child=1 -1 4 -4 -3 -2 8 -8 -7
right_child=5 2 3 -5 -6 6 7 -9 -10
leaf_value=-0.094995741219411289 0.095509939308807842 -0.019155883782097365 0.09680595569879677 -0.012432563991799454 0.0050252610515917964 0.087084066012439801 0.010040486817104144 -0.08051932268838205 -0.015066217200937055
leaf_weight=129.01573116260988 159.38668083230732 2907.714906197958 775.29547823255416 2068.2575011483568 2726.9701213985682 18.376485317363407 21.83262693556026 7.8030592494760631 2.1843734359135842
leaf_count=1420041 56645 158538 141111 77450 142609 6347 1800 486 278
internal_value=0.00130955 -0.000575242 0.000874958 0.0173763 -0.00744861 0.0783044 0.021711 -0.0155466 0.0742931
internal_weight=8816.84 8607.25 8478.24 2843.55 5634.69 209.583 50.1965 29.6357 20.5609
internal_count=2005305 1939749 519708 218561 301147 65556 8911 2286 6625
is_linear=0
shrinkage=0.0964179


Tree=92
num_leaves=8
num_cat=0
split_feature=27 1 1 1 1 20 11
split_gain=125.562 121.982 781.994 119.219 176.32 64.2713 45.1331
threshold=-0.33123172993168598 -0.45773783561669862 0.45085035155783454 -0.45960399012051528 -1.3707672791699161 1.8740994592521421 -0.65460502750834149
decision_type=2 2 2 2 2 2 2
left_child=-1 3 -3 4 -2 -4 -5
right_child=1 2 5 6 -6 -7 -8
leaf_value=-0.094923422297155183 -0.0035328376339222247 0.097498573095304422 -0.0068287719393195431 -0.040656475888117168 0.096864018231594837 0.075531288266028632 -0.0064758230896394568
leaf_weight=122.82601489627814 1996.4243357455452 836.31455392946373 3897.4228585231158 1123.037367056626 175.39484839740908 88.471434421517188 532.60883923059919
leaf_count=1424984 122248 104160 222915 50625 20393 28630 31350
internal_value=0.00123728 0.00262425 0.0128266 -0.0102202 0.00462381 -0.00496205 -0.0296995
internal_weight=8772.5 8649.67 4822.21 3827.47 2171.82 3985.89 1655.65
internal_count=2005305 580321 355705 224616 142641 251545 81975
is_linear=0
shrinkage=0.0964179


Tree=93
num_leaves=10
num_cat=0
split_feature=20 4 4 25 13 13 20 25 22
split_gain=118.886 112.21 2775.39 98.2189 75.2822 121.751 60.7883 17.1518 2.69512
threshold=2.6777818959804365 1.0000000180025095e-35 0.00014212981636019497 -0.054982141132366831 -1.6315209187908104 -1.3364280854031427 0.42830136695443527 1.2412975765866106 0.63676893956494773
decision_type=2 2 2 2 2 2 2 2 2
left_child=1 4 3 -3 7 -6 -4 -1 -2
right_child=8 2 6 -5 5 -7 -8 -9 -10
leaf_value=-0.034326261111345152 0.095164741552191387 -0.35910812344974369 -0.006786755396410187 -0.23942541892362723 0.096701514687197565 0.012049604830865659 0.018379015718257549 0.0098054469570206405 -0.01082821273386087
leaf_weight=374.31912429822114 124.4771753095265 113.11786873477104 1300.2143555492039 207.60654869762948 164.00820353487507 3517.3177319826027 2825.7806468763447 102.38384549445982 1.3329634140245605
leaf_count=103749 49448 177397 621852 109844 19064 702342 212948 8518 143
internal_value=0.00118024 -0.000184493 -0.0108338 -0.283322 0.0111952 0.0158712 0.0104403 -0.0247711 0.0936356
internal_weight=8730.56 8604.75 4446.72 320.724 4158.03 3681.33 4126 476.703 125.81
internal_count=2005305 1955714 1122041 287241 833673 721406 834800 112267 49591
is_linear=0
shrinkage=0.0964179


Tree=94
num_leaves=11
num_cat=0
split_feature=27 25 25 25 26 20 22 4 27 27
split_gain=118.738 137.696 322.18 120.608 47.0164 29.3143 23.7469 12.7986 6.81676 9.07751
threshold=1.84920638500696 -0.84736644215247259 -0.15117255224238041 -0.15114421253004459 3.3654994447775399 1.0708169467550437 1.1478934659252282 -0.037315782227298262 3.0738462291640598 2.6441926897428569
decision_type=2 2 2 2 2 2 2 2 2 2
left_child=1 5 -3 -4 -2 6 -1 -7 9 -6
right_child=4 2 3 -5 8 7 -8 -9 -10 -11
leaf_value=-0.058581736361131252 0.095417944308964414 0.096125818511829927 -0.02263420064403961 0.0061011160681109372 0.062919912510317075 0.029963726025670382 -0.014679061299323866 -0.026445223268660677 0.071866656740792234 -0.046710908928541725
leaf_weight=483.08236791456147 167.64951054262929 330.51087865239151 1799.5891712366447 5514.0089314430234 6.964727537095313 68.062501258653356 154.80495935716499 79.100622723082779 6.0561656905338159 35.405617919346696
leaf_count=510078 85968 81765 456579 803245 956 9186 43327 11275 931 1995
internal_value=0.00110804 -0.000703245 0.0032446 -0.000967968 0.0714188 -0.0391183 -0.0480473 -7.1122e-05 -0.0113352 -0.026233
internal_weight=8645.24 8429.16 7644.11 7313.6 216.076 785.05 637.887 147.163 48.4265 42.3703
internal_count=2005305 1915455 1341589 1259824 89850 573866 553405 20461 3882 2951
is_linear=0
shrinkage=0.0964179


Tree=95
num_leaves=7
num_cat=0
split_feature=27 20 27 10 25 22
split_gain=108.972 103.71 100.441 96.5064 4.91487 2.59337
threshold=-0.33123172993168598 2.6777818959804365 2.6488594359603796 -1.0342642474040435 0.54363913134104525 0.63676893956494773
decision_type=2 2 2 2 2 2
left_child=-1 2 3 -2 -4 -3
right_child=1 5 4 -5 -6 -7
leaf_value=-0.094705550296292462 -0.018691350851861015 0.094975600567300381 0.094822303185387286 0.005647743107425959 -0.039243914324784197 -0.0098406333619225281
leaf_weight=107.48466791592728 1990.6258955319463 111.82811047649011 107.77453119441634 6313.4413481420415 1.4018926359713066 1.3104103653458867
leaf_count=1424984 91509 49448 51697 387450 89 128
internal_value=0.00104483 0.00227365 0.0010274 -0.000184866 0.092232 0.0933257
internal_weight=8633.87 8526.38 8413.24 8304.07 109.176 113.139
internal_count=2005305 580321 530745 478959 51786 49576
is_linear=0
shrinkage=0.0964179


Tree=96
num_leaves=12
num_cat=0
split_feature=12 12 8 8 8 8 8 10 4 4 27
split_gain=107.348 667.171 84.6458 667.26 311.69 531.201 230.859 35.9227 30.6782 631.214 12.426
threshold=-0.59831617770751122 1.7911462569582157 0.46335767008516532 -0.46276411544014412 0.46340188887591693 1.389547605120159 -0.46432749297187043 0.00023761816327847517 1.0000000180025095e-35 0.00014212981636019497 -0.063628669622134662
decision_type=2 2 2 2 2 2 2 2 2 2 2
left_child=2 -2 3 6 7 -6 -1 -4 10 -10 -3
right_child=1 8 4 -5 5 -7 -8 -9 9 -11 -12
leaf_value=0.007099733359694816 0.096837713019845464 -0.090981203006367278 -0.077562932009235711 0.097477988865044787 0.097243718763272424 -0.025447633476321761 -0.050137933467560791 -0.040756236843572928 -0.28297057189528585 -0.0012152996552644865 0.0013655060418994887
leaf_weight=1633.4725161619481 710.49398757267045 12.154783925569062 551.28393336092358 585.74001285631766 442.59909076659824 1252.6730796409774 1090.7528800525115 468.62089847566949 79.066929591523149 886.92332833610999 891.08202641576645
leaf_count=366661 151070 144977 178794 66436 52443 313489 314803 134941 71814 177853 32024
internal_value=0.000956596 0.0174122 -0.00608579 0.00425568 -0.0187011 0.00662457 -0.0158203 -0.0607769 -0.012815 -0.0247442 0
internal_weight=8604.86 2579.72 6025.14 3309.97 2715.18 1695.27 2724.23 1019.9 1869.23 965.99 903.237
internal_count=2005305 577738 1427567 747900 679667 365932 681464 313735 426668 249667 177001
is_linear=0
shrinkage=0.0964179


Tree=97
num_leaves=8
num_cat=0
split_feature=20 8 8 8 11 11 10
split_gain=99.8017 98.0242 585.557 259.442 32.6813 58.1206 18.743
threshold=-0.31652377821952643 -1.388892353266092 -0.46432749297187043 -0.46276411544014412 -0.65460502750834149 1.6373059191125916 -0.51704162257483832
decision_type=2 2 2 2 2 2 2
left_child=-1 4 -3 -4 6 -6 -2
right_child=1 2 3 -5 5 -7 -8
leaf_value=-0.094555229448905972 -0.013310023626140494 0.097214336135477725 -0.035824657801642804 0.0098200737634037815 0.09373208076753678 -0.0098266540728056285 -0.038501966558157678
leaf_weight=98.830975534467143 483.46594726664625 610.98502710481989 1543.6960048901346 4612.2463173061151 54.537230320129311 489.35079571067035 659.02055066197863
leaf_count=1420041 18992 92560 71171 351325 10315 15069 25832
internal_value=0.000986908 0.00212589 0.00731335 -0.00162649 -0.0186556 0.000735485 -0.0279067
internal_weight=8552.13 8453.3 6766.93 6155.94 1686.37 543.888 1142.49
internal_count=2005305 585264 515056 422496 70208 25384 44824
is_linear=0
shrinkage=0.0964179


Tree=98
num_leaves=12
num_cat=0
split_feature=8 8 8 8 8 8 12 12 11 6 9
split_gain=97.9784 773.164 314.484 634.04 184.208 597.039 26.4819 65.4076 27.5196 23.531 21.8664
threshold=0.46335767008516532 -0.46276411544014412 0.46340188887591693 1.389547605120159 -0.46432749297187043 -1.388892353266092 -0.59831617770751122 1.7911462569582157 -0.65460502750834149 -1.5260999126455344 1.1220057936059746
decision_type=2 2 2 2 2 2 2 2 2 2 2
left_child=1 4 6 -4 5 -1 8 -8 -2 -6 -5
right_child=2 -3 3 10 9 -7 7 -9 -10 -11 -12
leaf_value=-0.017636218737185665 -0.063987140603077905 0.097324735338899071 0.0972314666988012 -0.012400561221452252 -0.069268773471566097 0.097084083486288233 0.092191171739365724 -0.036980901088942579 -0.029785634418081318 -0.02851964391758835 -0.039683175596286209
leaf_weight=1732.959589674927 733.68068779682926 787.61715517824632 595.12133105489193 1427.9883818308808 146.08287882652166 555.53620767203392 38.714026898698648 372.66878357111273 324.57370004308359 1462.7114219532268 339.65441818132058
leaf_count=425620 221468 117865 93399 338460 40626 92560 9480 101959 92267 385264 86337
internal_value=0.000938862 0.0102943 -0.0104878 0.0112833 -0.00731739 0.0102449 -0.0454884 -0.0244272 -0.0535923 -0.0323074 -0.0176946
internal_weight=8517.31 4684.91 3832.4 2362.76 3897.29 2288.5 1469.64 411.383 1058.25 1608.79 1767.64
internal_count=2005305 1061935 943370 518196 944070 518180 425174 111439 313735 425890 424797
is_linear=0
shrinkage=0.0964179


Tree=99
num_leaves=7
num_cat=0
split_feature=20 20 4 4 2 22
split_gain=90.8331 85.814 84.3037 1996.56 48.6337 2.59056
threshold=2.6777818959804365 -0.31652377821952643 1.0000000180025095e-35 0.00014212981636019497 -1.58173193882713 0.63676893956494773
decision_type=2 2 2 2 2 2
left_child=1 -1 4 -4 -3 -2
right_child=5 2 3 -5 -6 -7
leaf_value=-0.094306324278345274 0.094701571965547321 -0.021953796835734594 -0.23832019688880943 0.010310308120673925 0.014423210966093399 -0.0089524207273267969
leaf_weight=87.341467073980311 96.118237802365911 375.09691052045673 323.17140397756884 3974.4248742148775 3620.2525997605699 1.3735930334078137
leaf_count=1420041 49448 12325 21973 257069 244306 143
internal_value=0.00098246 -9.83452e-05 0.000907483 -0.00845954 0.0109915 0.0927547
internal_weight=8477.78 8380.29 8292.95 4297.6 3995.35 97.4918
internal_count=2005305 1955714 535673 279042 256631 49591
is_linear=0
shrinkage=0.0964179


Tree=100
num_leaves=9
num_cat=0
split_feature=27 25 25 25 20 21 20 25
split_gain=86.5248 88.6834 268.06 88.4562 18.9907 15.5093 9.22628 4.62586
threshold=2.6488594359603796 -0.84736644215247259 -0.15117255224238041 -0.15114421253004459 1.0708169467550437 0.52885235319095714 2.2640855330216447 0.54363913134104525
decision_type=2 2 2 2 2 2 2 2
left_child=1 4 -3 -4 5 -1 -6 -2
right_child=7 2 3 -5 6 -7 -8 -9
leaf_value=-0.033388734020052574 0.094556342981799713 0.095958890170951605 -0.018594826059058253 0.0058343319023911894 -0.0072756897066314184 -0.096668521748511552 0.069963166241401142 -0.033724457033576127
leaf_weight=628.25862668486025 93.513068179512629 276.83322942918949 1854.2836980424991 5348.0387576330158 132.3733037177517 37.971513912235423 14.49255879409611 1.5175890881437215
leaf_count=436122 58139 95748 460225 809795 18059 121388 5732 97
internal_value=0.000897789 -0.000154873 0.00313068 -0.000452815 -0.0303678 -0.0372725 0.000773852 0.0916086
internal_weight=8387.28 8292.25 7479.16 7202.32 813.096 666.23 146.866 95.0307
internal_count=2005305 1947069 1365768 1270020 581301 557510 23791 58236
is_linear=0
shrinkage=0.0964179


Tree=101
num_leaves=6
num_cat=0
split_feature=26 20 12 12 6
split_gain=82.228 79.2108 78.3289 522.849 60.0004
threshold=1.0000000180025095e-35 2.6777818959804365 -0.59831617770751122 1.7911462569582157 1.5264988432267559
decision_type=2 2 2 2 2
left_child=-1 2 4 -4 -2
right_child=1 -3 3 -5 -6
leaf_value=-0.094176045993645 -0.0023901071659853533 0.092337181832706991 0.096681860734856045 -0.009449336366143906 -0.039178771497978965
leaf_weight=82.211366832974818 5367.4935554451213 87.28927571431268 562.37674027858884 1834.6490174049959 445.16936647852617
leaf_count=1424984 312802 49576 135109 65780 17054
internal_value=0.000840552 0.00180437 0.00081957 0.0154833 -0.00522384
internal_weight=8379.19 8296.98 8209.69 2397.03 5812.66
internal_count=2005305 580321 530745 200889 329856
is_linear=0
shrinkage=0.0964179


Tree=102
num_leaves=9
num_cat=0
split_feature=27 8 8 8 8 8 27 26
split_gain=76.8321 74.4248 671.818 235.305 541.231 137.456 24.7618 4.48562
threshold=2.6488594359603796 0.46335767008516532 -0.46276411544014412 0.46340188887591693 1.389547605120159 -0.46432749297187043 0.64759373624114847 5.0998179233969596
decision_type=2 2 2 2 2 2 2 2
left_child=1 2 5 6 -5 -1 -3 -2
right_child=7 3 -4 4 -6 -7 -8 -9
leaf_value=0.0083039758786229104 0.094312590837956081 -0.023433877344886667 0.097207302401106338 0.097105077893225922 -0.015797059316979802 -0.028660701945968894 -0.049329367628323302 -0.031191211040804873
leaf_weight=2201.388252359357 83.614397599303629 558.13451059600993 669.53096655687841 506.65771576814586 1764.6305630857878 1622.4772317274724 942.04595377400437 1.5764140690371267
leaf_count=501561 58129 372700 102703 81694 419914 420697 47800 107
internal_value=0.000794735 -0.000148539 0.00822807 -0.0101374 0.00942277 -0.0073762 -0.0397544 0.0910408
internal_weight=8350.06 8264.87 4493.4 3771.47 2271.29 3823.87 1500.18 85.1908
internal_count=2005305 1947069 1024961 922108 501608 922258 420500 58236
is_linear=0
shrinkage=0.0964179


Tree=103
num_leaves=8
num_cat=0
split_feature=20 11 11 26 26 10 16
split_gain=73.4458 72.1127 497.941 51.0622 131.357 24.84 15.1905
threshold=-0.31652377821952643 -0.65460502750834149 1.6373059191125916 3.3654994447775399 1.3739678919141143 1.034805285021893 -0.59389958367521889
decision_type=2 2 2 2 2 2 2
left_child=-1 3 -3 4 -2 -4 -5
right_child=1 2 5 6 -6 -7 -8
leaf_value=-0.093918627459069315 -0.005238756481700124 0.096549879741573433 -0.017961033268837717 -0.10937607621806485 0.095400590965241769 0.0030247462594391508 -0.039436492903668699
leaf_weight=73.790397650731393 5319.5177004084162 547.45925705667469 959.96936498504874 40.326680685626343 121.74361261299055 1147.1362317540243 115.11833141738316
leaf_count=1420041 301516 164594 33928 1564 29466 50565 3631
internal_value=0.000808073 0.00167763 0.0147639 -0.00452528 -0.00295301 -0.00652529 -0.0587406
internal_weight=8325.06 8251.27 2654.56 5596.71 5441.26 2107.11 155.445
internal_count=2005305 585264 249087 336177 330982 84493 5195
is_linear=0
shrinkage=0.0964179


Tree=104
num_leaves=6
num_cat=0
split_feature=20 26 4 4 3
split_gain=70.9991 68.8647 67.414 1582.49 37.6535
threshold=2.6777818959804365 1.0000000180025095e-35 1.0000000180025095e-35 0.00014212981636019497 -1.3888661770997277
decision_type=2 2 2 2 2
left_child=1 -1 4 -4 -3
right_child=-2 2 3 -5 -6
leaf_value=-0.093810654641808988 0.09173773149105896 -0.0087235241017302213 -0.21270537714761273 0.009244403428973506 0.014624057017080845
leaf_weight=70.67190098276842 77.397733230420272 805.25475635219482 321.75780432656393 3903.6895924343044 3119.7983834822808
leaf_count=1424969 49591 29359 21899 254583 224904
internal_value=0.000766501 -0.000103216 0.000723113 -0.00772207 0.0098233
internal_weight=8298.57 8221.17 8150.5 4225.45 3925.05
internal_count=2005305 1955714 530745 276482 254263
is_linear=0
shrinkage=0.0964179


Tree=105
num_leaves=9
num_cat=0
split_feature=27 12 12 3 3 3 4 26
split_gain=67.1315 63.1342 440.459 52.8548 491.304 193.711 16.8115 4.25436
threshold=2.6488594359603796 -0.59831617770751122 1.7911462569582157 0.46339115407939852 -0.46249686779901333 0.46377620573662165 1.0000000180025095e-35 5.0998179233969596
decision_type=2 2 2 2 2 2 2 2
left_child=1 3 -3 4 -1 -5 -4 -2
right_child=7 2 6 5 -6 -7 -8 -9
leaf_value=-0.012535755315476089 0.094014320497916123 0.096556154320658477 0.0016619870113489578 -0.045749888057832665 0.097099370028518567 0.0066625534933457782 -0.016611888950051942 -0.026969342763112379
leaf_weight=2681.6054238858806 73.640844342735363 469.34946233636583 900.37572867307608 1132.4657780199163 441.05312380436271 1550.4893002147492 965.14098104459663 1.6737105700522068
leaf_count=668359 58129 131997 174525 310822 58108 356169 247089 107
internal_value=0.000693762 -0.000148862 0.0132305 -0.00553811 0.00297961 -0.0154611 -0.00777889 0.0903499
internal_weight=8215.79 8140.48 2334.87 5805.61 3122.66 2682.96 1865.52 75.3146
internal_count=2005305 1947069 553611 1393458 726467 666991 421614 58236
is_linear=0
shrinkage=0.0964179


Tree=106
num_leaves=6
num_cat=0
split_feature=26 25 25 25 4
split_gain=62.6384 60.0739 59.3475 217.603 17.9639
threshold=1.0000000180025095e-35 -0.84747980254748345 -0.84736644215247259 -0.15117255224238041 -0.037315782227298262
decision_type=2 2 2 2 2
left_child=-1 -2 4 -4 -3
right_child=1 2 3 -5 -6
leaf_value=-0.093516206707805194 0.093606824697284416 -0.0085351114958254412 0.095785774546426922 0.00044066681369920446 -0.037615181769760628
leaf_weight=63.471573478871505 63.645076797314687 374.636690445157 228.22478000665433 7036.5104483192517 428.3057012907102
leaf_count=1424984 54237 24024 104091 370737 27232
internal_value=0.000697758 0.00145588 0.000706006 0.00346138 -0.024136
internal_weight=8194.79 8131.32 8067.68 7264.74 802.942
internal_count=2005305 580321 526084 474828 51256
is_linear=0
shrinkage=0.0964179


Tree=107
num_leaves=6
num_cat=0
split_feature=20 20 11 11 25
split_gain=62.9219 59.4261 58.1417 425.815 51.4505
threshold=3.1362400211291224 -0.31652377821952643 -0.65460502750834149 1.6373059191125916 1.2412975765866106
decision_type=2 2 2 2 2
left_child=1 -1 4 -4 -3
right_child=-2 2 3 -5 -6
leaf_value=-0.093419415497745073 0.093768111096557888 -0.0095129482447494848 0.096446814911349196 -0.0058465329759162825 0.014151850612705725
leaf_weight=61.372671816627189 65.306509035901399 4445.4772748883188 460.11538858021959 2090.5740126182955 1054.6290657249738
leaf_count=1420041 46299 288099 148151 79566 23149
internal_value=0.00064755 -0.000115985 0.000609202 0.0126407 -0.00496591
internal_weight=8177.47 8112.17 8050.8 2550.69 5500.11
internal_count=2005305 1959006 538965 227717 311248
is_linear=0
shrinkage=0.0964179


Tree=108
num_leaves=12
num_cat=0
split_feature=1 1 1 1 0 1 1 14 11 11 25
split_gain=57.1536 529.104 50.7571 116.619 35.2791 32.4639 314.869 24.0147 19.9651 48.9247 19.0096
threshold=-0.45773783561669862 0.45085035155783454 -0.45960399012051528 -1.3707672791699161 0.92067806692336929 1.3682752006849801 0.45536334820088836 1.0151442054569013 -0.65460502750834149 1.6373059191125916 1.2412975765866106
decision_type=2 2 2 2 2 2 2 2 2 2 2
left_child=2 -2 3 4 -1 6 -3 -7 10 -10 -4
right_child=1 5 8 -5 -6 7 -8 -9 9 -11 -12
leaf_value=-0.024195920375738686 0.097185753258046445 -0.011404996007330441 -0.033166092786252745 0.096102653201390914 0.0047114650425358401 -0.012374700533132945 0.09694342545771184 -0.0949914354727983 0.092524130802014715 -0.013448902666562408 -0.0023069181395228939
leaf_weight=545.85631267219287 541.47971974400571 1776.9118479238309 962.00773348525672 114.299949662367 1381.3515396243915 1759.8824557787634 288.37471982888383 31.928320993478337 42.580952867821907 480.76924779894898 233.32827213959808
leaf_count=147228 104160 458709 282032 20393 331237 441846 54080 9436 15578 117805 22801
internal_value=0.000615484 0.00807959 -0.00810593 0.00215739 -0.00347067 -0.00445531 0.00376942 -0.0139505 -0.0203087 -0.00450205 -0.0271838
internal_weight=8158.77 4398.58 3760.19 2041.51 1927.21 3857.1 2065.29 1791.81 1718.69 523.35 1195.34
internal_count=2005305 1068231 937074 498858 478465 964071 512789 451282 438216 133383 304833
is_linear=0
shrinkage=0.0964179


Tree=109
num_leaves=6
num_cat=0
split_feature=20 20 27 12 25
split_gain=56.5455 53.1721 51.5682 51.061 4.232
threshold=3.1362400211291224 -0.31652377821952643 2.6488594359603796 -0.59831617770751122 0.54363913134104525
decision_type=2 2 2 2 2
left_child=1 -1 3 -3 -4
right_child=-2 2 4 -5 -6
leaf_value=-0.09308439201582093 0.093454932178319475 -0.0049436179413591417 0.093336607836668181 0.01218666771689848 -0.028475021192398347
leaf_weight=55.137491184355895 58.944901248942188 5711.1021688462497 57.953253631189 2254.9570610296396 1.6212844850961108
leaf_count=1420041 46299 304931 52181 181771 82
internal_value=0.000622241 -6.88039e-05 0.000584138 -8.85191e-05 0.0887716
internal_weight=8139.72 8080.77 8025.63 7966.06 59.5745
internal_count=2005305 1959006 538965 486702 52263
is_linear=0
shrinkage=0.0964179


Tree=110
num_leaves=9
num_cat=0
split_feature=26 4 4 8 6 13 3 9
split_gain=51.5706 50.6012 1280.92 38.0738 29.009 30.0273 22.4641 8.76721
threshold=1.0000000180025095e-35 0.00014212981636019497 1.0000000180025095e-35 -1.388892353266092 -1.5260999126455344 1.6159773386705829 -0.46713440540190715 -1.119982882179072
decision_type=2 2 2 2 2 2 2 2
left_child=-1 2 3 -2 7 -6 -4 -3
right_child=1 4 6 -5 5 -7 -8 -9
leaf_value=-0.092943708085554175 -0.0095141274828530152 0.013532377399959349 -0.13385089583687457 0.013977063314419615 0.015118352669689365 -0.010952601220682454 -0.20698572752662081 -0.026224353030232544
leaf_weight=52.847718360733779 807.60733636865916 61.824652595816588 65.081895597573748 3069.4492375058835 3087.9611211522388 470.83069841690303 249.56613012440721 260.42352912206115
leaf_count=1424984 31361 1854 5499 247964 247477 19511 16405 10250
internal_value=0.000569506 0.00120446 -0.00613453 0.0090725 0.0091395 0.0116556 -0.192727 -0.0184559
internal_weight=8125.59 8072.74 4191.7 3877.06 3881.04 3558.79 314.648 322.248
internal_count=2005305 580321 301229 279325 279092 266988 21904 12104
is_linear=0
shrinkage=0.0964179


Tree=111
num_leaves=12
num_cat=0
split_feature=8 8 8 8 8 8 25 25 25 10 27
split_gain=50.9261 530.638 158.657 418.857 94.3618 435.288 22.184 17.0797 35.113 14.5027 11.6783
threshold=0.46335767008516532 -0.46276411544014412 0.46340188887591693 1.389547605120159 -0.46432749297187043 -1.388892353266092 1.2412975765866106 0.54517633246108343 1.240320354135134 0.00023761816327847517 2.6488594359603796
decision_type=2 2 2 2 2 2 2 2 2 2 2
left_child=1 4 7 -4 5 -1 -6 10 -9 -5 -2
right_child=2 -3 3 9 6 -7 -8 8 -10 -11 -12
leaf_value=-0.013091204928692313 -0.040282548749797351 0.097003585605757586 0.096881148776791742 -0.01940448750670478 -0.027783515166527193 0.096851998778111542 0.00079905056680362198 0.090162710181571085 -0.023313532619814996 -0.0018855038359351529 0.07381989901753358
leaf_weight=1722.4719372731888 954.90513895562481 538.85838281214092 407.89416634399095 948.99532382414964 1342.0554837605478 413.78668951307191 307.71479174913566 24.887857027555583 557.13334877941043 826.6440941870851 6.7832496585906474
leaf_count=425620 341346 117865 93399 240953 394032 92560 31858 3234 75920 183844 4674
internal_value=0.000506835 0.0076281 -0.0077463 0.00896619 -0.00511858 0.00824404 -0.0224348 -0.0313939 -0.0181653 -0.011278 -0.0393189
internal_weight=8052.13 4324.89 3727.24 2183.53 3786.03 2136.26 1649.77 1543.71 582.021 1775.64 961.688
internal_count=2005305 1061935 943370 518196 944070 518180 425890 425174 79154 424797 346020
is_linear=0
shrinkage=0.0964179


Tree=112
num_leaves=6
num_cat=0
split_feature=20 20 27 26 26
split_gain=49.934 45.5773 43.9676 44.4057 4.01034
threshold=3.1362400211291224 -0.31652377821952643 2.6488594359603796 3.3654994447775399 5.0998179233969596
decision_type=2 2 2 2 2
left_child=1 -1 3 -3 -4
right_child=-2 2 4 -5 -6
leaf_value=-0.092569552245328549 0.093054724886855428 0.0011751385748505485 0.092850081704188972 -0.041632116652467042 -0.024907422435806438
leaf_weight=47.613613921696015 52.292250170161424 7645.3129200146268 50.127744115692622 230.51384501613211 1.7015713714645233
leaf_count=1420041 46299 480344 52178 6358 85
internal_value=0.000556284 -6.42068e-05 0.000505375 -8.1368e-05 0.0876762
internal_weight=8027.56 7975.27 7927.66 7875.83 51.8293
internal_count=2005305 1959006 538965 486702 52263
is_linear=0
shrinkage=0.0964179


Tree=113
num_leaves=8
num_cat=0
split_feature=26 8 8 8 8 8 4
split_gain=44.1709 41.5528 474.949 126.288 373.349 76.0993 16.7048
threshold=1.0000000180025095e-35 0.46335767008516532 -0.46276411544014412 0.46340188887591693 1.389547605120159 -0.46432749297187043 0.091912886564563076
decision_type=2 2 2 2 2 2 2
left_child=-1 2 5 6 -5 -2 -3
right_child=1 3 -4 4 -6 -7 -8
leaf_value=-0.092410729827865037 0.0081592871986695421 -0.036131313120132541 0.096884273571276117 0.096752692455720074 -0.0095418982581928907 -0.019417652400726376 -0.015931373114918202
leaf_weight=45.671376019709896 2100.4633900557783 868.83284291905875 488.26113623288438 369.63640794176172 1777.4999713581255 1666.0381523999113 699.42284781732451
leaf_count=1424984 161737 38897 117865 93399 69366 69748 29309
internal_value=0.000508455 0.00106389 0.00757208 -0.00637942 0.0087986 -0.00403228 -0.0271709
internal_weight=8015.83 7970.15 4254.76 3715.39 2147.14 3766.5 1568.26
internal_count=2005305 580321 349350 230971 162765 231485 68206
is_linear=0
shrinkage=0.0964179


Tree=114
num_leaves=9
num_cat=0
split_feature=20 4 4 24 8 8 3 13
split_gain=44.7634 41.3063 1029.06 31.1482 30.1289 152.516 12.4148 9.85392
threshold=3.1362400211291224 1.0000000180025095e-35 0.00014212981636019497 6.0430865707256345 -1.388892353266092 -0.46432749297187043 -0.46713440540190715 -1.3362685631203919
decision_type=2 2 2 2 2 2 2 2
left_child=1 4 6 -4 7 -6 -3 -1
right_child=-2 2 3 -5 5 -7 -8 -9
leaf_value=-0.026432910982079321 0.092666351985729742 -0.1274698765665587 0.0087511526663968473 -0.034873697332807492 0.096203092304763746 0.0060411044047661315 -0.18721061217813487 -0.0026308281703893554
leaf_weight=223.05672088224219 47.10595206131984 60.655200600070202 3658.0418576817319 156.91065998555041 184.45381906566035 2820.3862507927242 245.90495554296922 593.73992230319527
leaf_count=50056 46299 71597 814616 21889 41877 619332 215647 123992
internal_value=0.000514318 -4.61668e-05 -0.00674467 0.00693349 0.00716828 0.011636 -0.176231 -0.00921409
internal_weight=7990.26 7943.15 4121.51 3814.95 3821.64 3004.84 306.56 816.797
internal_count=2005305 1959006 1123749 836505 835257 661209 287244 174048
is_linear=0
shrinkage=0.0964179


Tree=115
num_leaves=12
num_cat=0
split_feature=11 11 25 25 10 10 10 26 10 10 12
split_gain=43.0285 328.323 37.1376 109.256 48.0617 263.783 69.9157 22.9057 14.2497 132.91 13.3974
threshold=-0.65460502750834149 1.6373059191125916 1.2412975765866106 1.9155127157003671 -1.0000000180025095e-35 -0.51702054451502888 0.00023761816327847517 3.3654994447775399 1.034805285021893 1.5519657867656547 -0.59831617770751122
decision_type=2 2 2 2 2 2 2 2 2 2 2
left_child=2 -2 4 -4 5 -1 -6 -5 10 -10 -3
right_child=1 8 3 7 6 -7 -8 -9 9 -11 -12
leaf_value=-0.0094462083396266352 0.096246632748744482 -0.018951870047219935 0.096354984055600529 0.0044337634454137374 -0.045058631840193694 0.096570427999286099 -0.004618435681148004 -0.058884270814857691 0.096421284939138624 -0.0078863264708339716 0.0060059244194871882
leaf_weight=2557.8189961308281 357.63916530533697 708.14981363760899 124.34291694466128 839.98752106576967 672.18133306828372 236.90965791518101 975.61276983199309 55.0831493157757 126.4746898534504 998.90072363163654 274.79618381689443
leaf_count=734731 164594 175510 10120 88277 218930 44989 250857 2121 16305 238284 60587
internal_value=0.000469034 0.0110406 -0.00429902 0.012271 -0.0081125 -0.000396107 -0.0211648 0.000398653 -0.00345797 0.0039243 -0.0119394
internal_weight=7927.9 2465.96 5461.94 1019.41 4442.52 2794.73 1647.79 895.071 2108.32 1125.38 982.946
internal_count=2005305 655280 1350025 100518 1249507 779720 469787 90398 490686 254589 236097
is_linear=0
shrinkage=0.0964179


Tree=116
num_leaves=6
num_cat=0
split_feature=20 20 27 25 25
split_gain=40.0907 39.0099 37.4965 37.8904 3.87547
threshold=3.1362400211291224 -0.31652377821952643 2.6488594359603796 1.2412975765866106 0.54363913134104525
decision_type=2 2 2 2 2
left_child=1 -1 3 -3 -4
right_child=-2 2 4 -5 -6
leaf_value=-0.091973809594915371 0.092239022692418307 -0.003227890943166405 0.092314437111707684 0.014164391011667027 -0.023566939434781848
leaf_weight=41.065127951221257 42.424278294914984 6361.2311768301888 43.519697151663422 1423.7202744003953 1.7191373236419156
leaf_count=1420041 46299 447166 52181 39536 82
internal_value=0.000484844 -2.373e-05 0.00047256 -4.02639e-05 0.0864831
internal_weight=7913.68 7871.26 7830.19 7784.95 45.2388
internal_count=2005305 1959006 538965 486702 52263
is_linear=0
shrinkage=0.0964179


Tree=117
num_leaves=6
num_cat=0
split_feature=26 25 11 11 24
split_gain=38.0495 36.8762 35.4803 292.132 27.1027
threshold=1.0000000180025095e-35 -0.84747980254748345 -0.65460502750834149 1.6373059191125916 6.0430865707256345
decision_type=2 2 2 2 2
left_child=-1 -2 4 -4 -3
right_child=1 2 3 -5 -6
leaf_value=-0.091829068784144013 0.091893739863016979 -0.0024542872945653898 0.096153101852990697 -0.0028979440270256443 -0.036764684174355987
leaf_weight=39.720839800995236 39.620653660051175 5194.3251175871237 317.27924967757372 2093.0972246846277 221.90780007708599
leaf_count=1424984 54237 297819 145362 77416 5487
internal_value=0.0004434 0.000932512 0.000448729 0.0101803 -0.00387714
internal_weight=7905.95 7866.23 7826.61 2410.38 5416.23
internal_count=2005305 580321 526084 222778 303306
is_linear=0
shrinkage=0.0964179


Tree=118
num_leaves=12
num_cat=0
split_feature=12 12 9 9 1 2 9 9 9 0 23
split_gain=37.7207 311.981 31.0213 46.5163 27.3543 23.1001 18.4395 9.8916 22.1983 11.2776 8.08891
threshold=-0.59831617770751122 1.7911462569582157 -0.67137112700666857 -0.52194081787220303 1.3682752006849801 1.1294331640527198 -0.67494999143988965 -0.97035734620138059 -1.1197329091434189 0.76728975611151029 -0.10721284477679062
decision_type=2 2 2 2 2 2 2 2 2 2 2
left_child=2 -2 5 -4 -5 6 -1 8 -3 -9 -7
right_child=1 7 3 4 -6 10 -8 9 -10 -11 -12
leaf_value=-0.015786662389454791 0.096304185196840378 -0.0027269993975933783 0.093493807018920821 0.0014700597097294578 -0.015435782241763311 -0.016662770629778095 -0.054920142635067705 -0.011374115999658112 0.090167686332504854 -0.061040644575633282 0.047565717431621989
leaf_weight=248.753635696841 336.85811027913587 1557.9606772561233 45.939116877969354 3965.1723262626556 1144.5030946442866 27.212251507805604 210.18542906939524 233.40110150820465 22.676025966604357 51.608931280632532 46.581214591395337
leaf_count=63155 151070 355711 8042 986295 293472 7903 58854 55290 3365 12302 9846
internal_value=0.00041996 0.0111327 -0.00372356 -0.00142375 -0.0023132 -0.0258417 -0.0339162 -0.00429567 -0.00128162 -0.0207845 0.0235492
internal_weight=7890.85 2202.5 5688.35 5155.61 5109.68 532.733 458.939 1865.65 1580.64 285.01 73.7935
internal_count=2005305 577738 1427567 1287809 1279767 139758 122009 426668 359076 67592 17749
is_linear=0
shrinkage=0.0964179


Tree=119
num_leaves=8
num_cat=0
split_feature=26 1 1 1 1 25 22
split_gain=34.2777 33.5581 391.505 29.7946 84.7671 20.7933 18.0894
threshold=1.0000000180025095e-35 -0.45773783561669862 0.45085035155783454 -0.45960399012051528 -1.3707672791699161 -0.84736644215247259 1.1478934659252282
decision_type=2 2 2 2 2 2 2
left_child=-1 3 -3 4 -2 -4 -5
right_child=1 2 5 6 -6 -7 -8
leaf_value=-0.091376113846429255 -0.0020142686326967735 0.096924527653632561 -0.023294975088454843 -0.019929534654623136 0.095394725223547264 -0.00036806688094605277 0.0049075976207132244
leaf_weight=36.037719484728768 1876.4132868875527 402.89880050626425 412.10994333774124 1389.424938572572 85.276085689994943 3343.1261935805828 335.62953990456481
leaf_count=1424984 122248 104160 45332 74836 20393 206213 7139
internal_value=0.000409354 0.000854155 0.00679489 -0.00583639 0.00227599 -0.00290262 -0.0150761
internal_weight=7880.92 7844.88 4158.13 3686.74 1961.69 3755.24 1725.05
internal_count=2005305 580321 355705 224616 142641 251545 81975
is_linear=0
shrinkage=0.0964179


Tree=120
num_leaves=6
num_cat=0
split_feature=20 20 12 12 7
split_gain=35.5961 32.7928 31.2519 274.136 24.8279
threshold=3.1362400211291224 -0.31652377821952643 -0.59831617770751122 1.7911462569582157 1.0769584164686752
decision_type=2 2 2 2 2
left_child=1 -1 4 -4 -3
right_child=-2 2 3 -5 -6
leaf_value=-0.09122064875941259 0.091731886438826696 -0.00030485412420788439 0.096184822090030445 -0.0034918928043058866 -0.016644906919024607
leaf_weight=34.914180507023048 37.872192717382859 4575.1101763807465 295.87313446670305 1857.8317753658594 1065.6852845277899
leaf_count=1420041 46299 283730 136210 67298 51727
internal_value=0.000399128 -5.66858e-05 0.000365654 0.010246 -0.00340216
internal_weight=7867.29 7829.41 7794.5 2153.7 5640.8
internal_count=2005305 1959006 538965 203508 335457
is_linear=0
shrinkage=0.0964179


Tree=121
num_leaves=14
num_cat=0
split_feature=4 4 24 24 8 8 20 18 11 5 5 27 20
split_gain=33.3073 855.486 20.4641 22.0763 19.688 126.39 25.5777 11.1361 9.65429 12.4965 10.1455 5.5156 3.10371
threshold=-1.0000000180025095e-35 0.00014212981636019497 6.0430865707256345 -0.16656885819106806 -1.388892353266092 -0.46432749297187043 1.0708169467550437 -0.76854370182996457 -0.65460502750834149 -0.17555537496484705 -2.0584593928769599 1.8480936624362816 1.3918653509338064
decision_type=2 2 2 2 2 2 2 2 2 2 2 2 2
left_child=4 11 3 -3 8 -6 -7 -4 9 -1 -10 12 -2
right_child=1 2 7 -5 5 6 -8 -9 10 -11 -12 -13 -14
leaf_value=0.0026427391031651711 -0.14376419183464478 0.0074774851017020139 -0.11588782240959546 0.091101349580280822 0.095883552462643518 0.0019892373815158905 0.027678638030535409 -0.018843405488639869 -0.10625531667172892 -0.025814781303821588 0.012383286762790801 -0.20599646108302991 -0.18548856518196324
leaf_weight=255.16562943345707 189.05181705856148 3585.4476749272712 10.593474546725245 28.092356296117941 151.60725332800212 2374.2106570304431 424.13154165100059 154.46110864392813 5.2425381977095631 319.21336188334635 253.146647792762 46.485781322293406 56.9905342911361
leaf_count=53436 280232 831495 1362 5933 46876 560434 75325 20527 1162 69763 51743 2779 4238
internal_value=0.000379257 -0.00566725 0.00664969 0.00817763 0.00689598 0.0105952 0.00590938 -0.0263417 -0.00615957 -0.0131375 0.00919797 -0.16406 -0.154711
internal_weight=7853.84 4071.12 3778.59 3613.54 3782.72 2949.95 2798.34 165.055 832.768 574.379 258.389 292.528 246.042
internal_count=2005305 1146566 859317 837428 858739 682635 635759 21889 176104 123199 52905 287249 284470
is_linear=0
shrinkage=0.0964179


Tree=122
num_leaves=5
num_cat=0
split_feature=20 26 25 25
split_gain=31.7359 29.7034 31.5362 30.2942
threshold=3.1362400211291224 1.0000000180025095e-35 -0.84747980254748345 1.2412975765866106
decision_type=2 2 2 2
left_child=1 -1 -3 -4
right_child=-2 2 3 -5
leaf_value=-0.090741356132559528 0.091190451308820572 0.091141879222556746 -0.0029467976333571481 0.012762118424729667
leaf_weight=31.849330552811807 33.981039147172851 33.775879582247399 6304.5288057012003 1391.7894921283669
leaf_count=1424984 46299 48588 434028 51406
internal_value=0.000337711 -7.40748e-05 0.000313501 -9.92566e-05
internal_weight=7795.92 7761.94 7730.09 7696.32
internal_count=2005305 1959006 534022 485434
is_linear=0
shrinkage=0.0964179


Tree=123
num_leaves=12
num_cat=0
split_feature=11 11 8 8 8 10 10 25 7 16 18
split_gain=28.6584 251.14 25.0116 223.785 38.4795 12.7373 16.4084 13.0033 11.8841 12.559 7.21455
threshold=-0.65460502750834149 1.6373059191125916 -1.388892353266092 -0.46432749297187043 -0.46276411544014412 -1.0431660949162691 -1.5514271540784927 1.2412975765866106 0.78984070349433211 0.41308086584052289 -1.0796479302538489
decision_type=2 2 2 2 2 2 2 2 2 2 2
left_child=2 -2 5 -4 -5 6 -1 -7 9 -3 -10
right_child=1 8 3 4 -6 7 -8 -9 10 -11 -12
leaf_value=-0.0037990852942626136 0.096011299080370788 0.0075820687970608834 0.096347322147575701 -0.019887369701970178 0.00087622375096471487 -0.026407709680525301 0.088191176832960599 0.0030004117610939272 -0.050118206838965403 -0.012257343501263203 -0.010544922638925626
leaf_weight=243.56350071217298 272.16646149601002 1118.8729647114408 210.94880429459045 1168.8203421939243 2839.8979158407519 767.98087545555313 17.829967372075771 167.79174272853834 45.921978330972479 401.080360301376 535.83263439855409
leaf_count=58347 164594 254203 47228 299071 705402 219958 2102 17917 22421 99714 114348
internal_value=0.000310361 0.00914471 -0.00355608 -5.58797e-05 -0.00517429 -0.0158465 0.00283618 -0.0210998 -0.00215155 0.00231572 -0.0138597
internal_weight=7790.71 2373.87 5416.83 4219.67 4008.72 1197.17 261.393 935.773 2101.71 1519.95 581.755
internal_count=2005305 655280 1350025 1051701 1004473 298324 60449 237875 490686 353917 136769
is_linear=0
shrinkage=0.0964179


Tree=124
num_leaves=12
num_cat=0
split_feature=8 8 8 8 8 8 4 3 3 3 6
split_gain=28.2969 378.064 86.7659 292.477 41.6615 284.913 22.1225 13.977 29.5401 17.3793 12.1162
threshold=0.46335767008516532 -0.46276411544014412 0.46340188887591693 1.389547605120159 -0.46432749297187043 -1.388892353266092 -0.79514892491491429 -0.46713440540190715 -1.3888661770997277 0.46377620573662165 -0.8078431421235156
decision_type=2 2 2 2 2 2 2 2 2 2 2
left_child=1 4 7 -4 5 -1 -5 8 -2 -9 -6
right_child=2 -3 3 6 10 -7 -8 9 -10 -11 -12
leaf_value=-0.0086644473698339886 -0.014105407805195799 0.096693193518569726 0.096532518373520962 0.011523325205699006 -0.027617139616136231 0.096407321993507863 -0.013515738941697917 -0.036428948622619639 0.090228020453979665 -0.011510891446031983 -0.0094981788952243854
leaf_weight=1742.8201964934569 391.35826867541095 384.08715924560011 290.96847395778241 429.84210268820925 483.8594098829758 276.52810649159801 1354.5305574920403 782.27395108132964 25.312145563260856 399.88422029234016 1219.7234273471731
leaf_count=425620 101577 117865 93399 86629 125420 92560 338168 210662 5759 107176 300470
internal_value=0.000317303 0.00582011 -0.00582379 0.00716673 -0.00358285 0.005771 -0.00745882 -0.0226989 -0.00735989 -0.0280576 -0.0146867
internal_weight=7781.19 4107.02 3674.17 2075.34 3722.93 2019.35 1784.37 1598.83 416.67 1182.16 1703.58
internal_count=2005305 1061935 943370 518196 944070 518180 424797 425174 107336 317838 425890
is_linear=0
shrinkage=0.0964179


Tree=125
num_leaves=6
num_cat=0
split_feature=20 20 4 4 13
split_gain=28.4596 27.8568 26.5494 718.1 16.2629
threshold=-0.31652377821952643 3.1362400211291224 1.0000000180025095e-35 0.00014212981636019497 -1.6315209187908104
decision_type=2 2 2 2 2
left_child=-1 2 4 -4 -2
right_child=1 -3 3 -5 -6
leaf_value=-0.090471036242392 -0.0096818189646459742 0.090577344076831851 -0.15430381388403649 0.0060986512270963513 0.0087903511920746202
leaf_weight=30.334007019509045 511.14089342692387 30.354691415790512 277.32933565191797 3714.0662152694094 3198.5885133125121
leaf_count=1420041 19608 46299 21976 258774 238607
internal_value=0.00035504 0.000734715 0.000357154 -0.00509468 0.00623235
internal_weight=7761.81 7731.48 7701.12 3991.4 3709.73
internal_count=2005305 585264 538965 280750 258215
is_linear=0
shrinkage=0.0964179


Tree=126
num_leaves=10
num_cat=0
split_feature=27 12 12 8 8 8 19 26 6
split_gain=26.6417 26.3051 222.718 19.9192 262.425 55.9431 7.93464 3.36074 0.890041
threshold=2.6488594359603796 -0.59831617770751122 1.7911462569582157 0.46335767008516532 -0.46276411544014412 0.46340188887591693 1.1569332347600774 5.0998179233969596 0.80824942656027832
decision_type=2 2 2 2 2 2 2 2 2
left_child=1 3 -3 4 -1 -5 -4 -2 -9
right_child=7 2 6 5 -6 -7 -8 8 -10
leaf_value=-0.0068914730744551395 0.090901649521176242 0.096014139955988342 -0.0054805086694137244 -0.02523923349802825 0.096406354599945482 0.0029038876817044307 0.0098929364614853584 0.020961634491036 -0.055797318927598337
leaf_weight=2667.7078125512844 32.132501286929255 240.9521176271553 1466.035873381793 1178.5839277057855 248.43598280908282 1475.0285360310811 393.76571466956671 0.91201598049701604 0.98506690904105199
leaf_count=668433 58129 131997 367281 310713 57893 356419 54333 65 42
internal_value=0.000308567 -7.30762e-05 0.00911185 -0.00354549 0.00194443 -0.00958972 -0.00220041 0.0834915 -0.0158292
internal_weight=7704.54 7670.51 2100.75 5569.76 2916.14 2653.61 1859.8 34.0296 1.89708
internal_count=2005305 1947069 553611 1393458 726326 667132 421614 58236 107
is_linear=0
shrinkage=0.0964179


Tree=127
num_leaves=5
num_cat=0
split_feature=26 25 20 25
split_gain=25.6672 25.1876 24.6598 24.3635
threshold=1.0000000180025095e-35 -0.84747980254748345 3.1362400211291224 -0.84736644215247259
decision_type=2 2 2 2
left_child=-1 -2 3 -3
right_child=1 2 -4 -5
leaf_value=-0.08990984775969825 0.090009863594500292 -0.015646997076600552 0.08984726266485682 0.0018866633470066899
leaf_weight=27.593631997286138 27.62556618693543 824.80751989122018 26.895183740891298 6787.5714032160795
leaf_count=1424984 54237 47279 40650 438155
internal_value=0.000317571 0.000665715 0.000319108 -1.12543e-05
internal_weight=7694.49 7666.9 7639.27 7612.38
internal_count=2005305 580321 526084 485434
is_linear=0
shrinkage=0.0964179


Tree=128
num_leaves=8
num_cat=0
split_feature=20 11 11 10 10 10 2
split_gain=24.8998 23.7709 205.441 21.5915 254.284 66.6194 10.9817
threshold=-0.31652377821952643 -0.65460502750834149 1.6373059191125916 -0.51704162257483832 -1.0342642474040435 -0.51702054451502888 -0.23084424977678578
decision_type=2 2 2 2 2 2 2
left_child=-1 3 -3 4 -2 -5 -4
right_child=1 2 6 5 -6 -7 -8
leaf_value=-0.089738880006384317 -0.0070312702504888563 0.095840380897991781 0.0082712635873361164 -0.031676194459960706 0.096774555419063144 0.00036330332287273071 -0.0061190344985676548
leaf_weight=26.847875276294872 2014.8035062164099 225.71763388908175 791.19110482467931 819.56832655551443 244.52592517489757 2265.8466310174008 1300.5291711629902
leaf_count=1420041 102360 164594 32465 34001 48515 151301 52028
internal_value=0.00029124 0.000630091 0.00878631 -0.00290117 0.00424807 -0.00814751 -0.000656455
internal_weight=7689.03 7662.18 2317.44 5344.74 2259.33 3085.41 2091.72
internal_count=2005305 585264 249087 336177 150875 185302 84493
is_linear=0
shrinkage=0.0964179


Tree=129
num_leaves=8
num_cat=0
split_feature=20 25 25 25 25 26 20
split_gain=22.6733 22.5767 110.278 38.1453 207.757 21.4393 14.9691
threshold=3.1362400211291224 1.2412975765866106 1.9155127157003671 1.240320354135134 0.54517633246108343 3.3654994447775399 1.0707483789858514
decision_type=2 2 2 2 2 2 2
left_child=1 3 -3 4 -1 -5 -4
right_child=-2 2 6 5 -6 -7 -8
leaf_value=-0.0028063379571434165 0.089332417808554374 0.09607530035961187 0.010287210744923243 -0.015041526123986905 0.096112186179391199 -0.076198618232175733 -0.011849527314894786
leaf_weight=4900.2217440494205 24.896383460756624 127.39490041645377 790.05764344479712 1133.8568972602507 204.0587091264606 54.848018080882866 440.42768691638412
leaf_count=1587349 46299 17786 117727 176743 47139 2094 10168
internal_value=0.00029436 -9.25407e-06 0.0112538 -0.00244756 0.00117 -0.0179924 0.00232931
internal_weight=7675.76 7650.87 1357.88 6292.99 5104.28 1188.7 1230.49
internal_count=2005305 1959006 145681 1813325 1634488 178837 127895
is_linear=0
shrinkage=0.0964179


Tree=130
num_leaves=6
num_cat=0
split_feature=20 22 27 26 26
split_gain=22.487 21.8876 21.0695 20.7483 3.19592
threshold=-0.31652377821952643 -0.80608181725790351 2.6488594359603796 3.3654994447775399 5.0998179233969596
decision_type=2 2 2 2 2
left_child=-1 -2 3 -3 -4
right_child=1 2 4 -5 -6
leaf_value=-0.089122188251981815 0.089145959540433278 0.00091057716133982093 0.089733504038724765 -0.027262230157879694 -0.014791662220683451
leaf_weight=24.453661863517482 24.268913061017884 7343.5895289101754 26.403383234761353 249.73124345968245 1.909805511124431
leaf_count=1420041 48314 478697 51804 6365 84
internal_value=0.000292669 0.000601959 0.000296619 -1.67556e-05 0.0810582
internal_weight=7670.36 7645.9 7621.63 7593.32 28.3132
internal_count=2005305 585264 536950 485062 51888
is_linear=0
shrinkage=0.0964179


Tree=131
num_leaves=9
num_cat=0
split_feature=26 4 4 9 3 3 23 3
split_gain=21.8903 21.3323 611.813 17.1525 12.9695 120.39 12.5674 1.71035
threshold=1.0000000180025095e-35 1.0000000180025095e-35 0.00014212981636019497 1.1220057936059746 1.3900542603141643 0.46377620573662165 4.2927522738593114 -0.46713440540190715
decision_type=2 2 2 2 2 2 2 2
left_child=-1 4 7 -4 5 -2 -6 -3
right_child=1 2 3 -5 6 -7 -8 -9
leaf_value=-0.088956033280966976 0.0043929231485663293 -0.11263518002558347 0.0089927769717247918 -0.0075976421143576977 -0.0036867016609978668 0.095904911282692448 -0.12265918748640517 -0.15239483194430173
leaf_weight=23.873217610765096 2748.9678722557155 44.844093645727298 2976.1259370070165 715.6291461464898 793.0270041936983 138.97131551854909 6.7698798828932913 216.54628449094162
leaf_count=1424984 202063 5499 240410 38682 31175 45963 124 16405
internal_value=0.000267505 0.000569574 -0.00434489 0.0057651 0.00584715 0.00885978 -0.00498175 -0.146438
internal_weight=7664.75 7640.88 3953.15 3691.76 3687.74 2887.94 799.797 261.39
internal_count=2005305 580321 300996 279092 279325 248026 31299 21904
is_linear=0
shrinkage=0.0964179


Tree=132
num_leaves=12
num_cat=0
split_feature=12 12 1 1 19 14 19 24 20 22 20
split_gain=21.2793 191.734 17.1538 229.319 17.725 15.7714 12.7222 10.1472 6.52592 18.9041 14.6346
threshold=-0.59831617770751122 1.7911462569582157 -0.45773783561669862 0.45085035155783454 0.57506381694308939 1.0826364230020051 3.2567719254731302 6.0430865707256345 0.66918517126353072 1.1465130965109858 0.42830136695443527
decision_type=2 2 2 2 2 2 2 2 2 2 2
left_child=2 -2 5 -4 -5 6 -1 -7 10 -10 -3
right_child=1 8 3 4 -6 7 -8 -9 9 -11 -12
leaf_value=-0.014956854437271334 0.095856818162047608 0.0036318752258501824 0.096480568606949424 -0.00058650102603479792 -0.018018476925197365 0.0061808207178045294 0.059234140845806339 -0.01967582016834513 -0.0032849479190959741 -0.070974224033913291 0.084553630818034409
leaf_weight=1686.8282174361277 208.63075817576055 653.41038530292235 220.1305733211525 1911.1887754921977 758.10808424721745 777.03134365538017 20.033703570668649 170.49224702569563 1147.9014064609019 38.186111401424569 19.941043463590177
leaf_count=437027 151070 371201 58792 566825 125401 213029 1905 24588 51050 1929 2488
internal_value=0.000230202 0.00857743 -0.0028787 0.00225165 -0.00555875 -0.00847497 -0.0140102 0.00146484 -0.0012699 -0.00558735 0.00627671
internal_weight=7611.88 2068.07 5543.81 2889.43 2669.3 2654.39 1706.86 947.524 1859.44 1186.09 673.351
internal_count=2005305 577738 1427567 751018 692226 676549 438932 237617 426668 52979 373689
is_linear=0
shrinkage=0.0964179


Tree=133
num_leaves=12
num_cat=0
split_feature=3 3 3 3 3 3 12 27 12 4 22
split_gain=19.9361 358.467 68.1421 228.46 62.7154 265.907 36.0657 13.7644 12.9575 10.9556 9.90307
threshold=0.46339115407939852 -0.46249686779901333 -0.46713440540190715 -1.3888661770997277 0.46377620573662165 1.3900542603141643 -0.59831617770751122 1.84920638500696 1.7911462569582157 -0.86768421795832251 2.284768560837489
decision_type=2 2 2 2 2 2 2 2 2 2 2
left_child=1 2 3 -1 6 -6 10 -4 -8 -7 -2
right_child=4 -3 7 -5 5 9 8 -9 -10 -11 -12
leaf_value=-0.004181730464113821 -0.028515868666404182 0.096711640710543514 -0.019440700917333468 0.096313566995921418 0.09650524750957 0.0069598789797010912 0.085800040400992039 0.06015877395162262 0.00095481255656632491 -0.011529413756548916 0.048767542974426571
leaf_weight=1731.9250674692948 1185.0514718376712 358.45424163082089 1649.8376455727848 237.67104813500373 263.59349711842879 381.89134248355549 15.845066873829749 18.717698146123439 438.75726145538658 1307.9370670719911 13.882835084696579
leaf_count=425156 313263 118801 419001 92600 92336 79792 9263 7399 101638 345407 649
internal_value=0.000241984 0.00493582 -0.0041351 0.00799497 -0.00494876 0.00673311 -0.0187643 -0.0184693 0.00428193 -0.0073269 -0.027527
internal_weight=7603.56 3996.61 3638.15 1969.6 3606.96 1953.42 1653.54 1668.56 454.602 1689.83 1198.93
internal_count=2005305 1062957 944156 517756 942348 517535 424813 426400 110901 425199 313912
is_linear=0
shrinkage=0.0964179


Tree=134
num_leaves=12
num_cat=0
split_feature=11 11 25 25 4 4 21 26 2 2 2
split_gain=19.9662 165.463 16.956 67.2358 21.2731 300.402 17.655 14.0444 8.60851 21.9425 6.87439
threshold=-0.65460502750834149 1.6373059191125916 1.2412975765866106 1.9155127157003671 0.00014212981636019497 1.0000000180025095e-35 -0.6642717561124587 3.3654994447775399 -0.23084424977678578 -0.67800337903500341 1.1294331640527198
decision_type=2 2 2 2 2 2 2 2 2 2 2
left_child=2 -2 4 -4 5 -1 -6 -5 9 -3 -10
right_child=1 8 3 7 6 -7 -8 -9 10 -11 -12
leaf_value=-0.002392230503644698 0.095605243103273035 0.0049297342243283405 0.095037552707758641 0.0043968901634133016 -0.0058556233356466111 -0.14138687008461095 0.012033641581904965 -0.043883241932035272 -0.0082586355413975954 0.091042388888881276 0.0087825079935109317
leaf_weight=2085.5002083902964 182.00946345710781 760.20994452929369 75.480004602646545 814.04281826015961 1257.422157108294 153.77417902873822 862.87912963634562 58.505632833566324 1034.0999481403883 27.039687056218213 276.16806551676837
leaf_count=530781 164594 179816 10120 88277 269282 189370 260074 2121 245330 4867 60673
internal_value=0.000287678 0.0078362 -0.00294885 0.00871302 -0.00549539 -0.0120475 0.00141112 0.00104383 0.000135844 0.00811197 -0.0046329
internal_weight=7587.13 2279.53 5307.6 948.028 4359.58 2239.27 2120.3 872.548 2097.52 787.25 1310.27
internal_count=2005305 655280 1350025 100518 1249507 720151 529356 90398 490686 184683 306003
is_linear=0
shrinkage=0.0964179


Tree=135
num_leaves=6
num_cat=0
split_feature=20 22 27 25 25
split_gain=19.483 18.6927 17.4218 17.9851 3.01999
threshold=-0.31652377821952643 -0.80608181725790351 2.6488594359603796 -0.15114421253004459 0.54363913134104525
decision_type=2 2 2 2 2
left_child=-1 -2 3 -3 -4
right_child=1 2 4 -5 -6
leaf_value=-0.088177565549040243 0.088081496256031483 -0.0061635989863057707 0.088676076161679149 0.0036236194343919567 -0.014196195060455514
leaf_weight=21.475426053105366 21.01556358079597 2766.6729409165 22.554170569850616 4722.5060939289624 1.8629773192296841
leaf_count=1420041 48314 239859 51806 245203 82
internal_value=0.00027384 0.000549416 0.000281073 2.61926e-06 0.0790447
internal_weight=7556.09 7534.61 7513.6 7489.18 24.4171
internal_count=2005305 585264 536950 485062 51888
is_linear=0
shrinkage=0.0964179


Tree=136
num_leaves=8
num_cat=0
split_feature=26 11 11 3 3 3 16
split_gain=18.9115 16.5703 150.108 14.4979 240.784 39.2654 10.1484
threshold=1.0000000180025095e-35 -0.65460502750834149 1.6373059191125916 0.46339115407939852 -0.46249686779901333 0.46377620573662165 0.42724417259753839
decision_type=2 2 2 2 2 2 2
left_child=-1 3 -3 4 -2 -5 -4
right_child=1 2 6 5 -6 -7 -8
leaf_value=-0.087972836925297115 -0.0062333194440749784 0.095479780725274521 0.0044344445905907005 -0.020611435490050095 0.096410796145721345 0.0034715651736388783 -0.010790111681094984
leaf_weight=20.916197302768524 2521.8793196242195 165.12928830206783 1539.3153281117118 1172.8446274849157 230.37318356828882 1350.7584986665938 551.30900081898767
leaf_count=1424984 135917 164594 60279 43896 61327 91539 22769
internal_value=0.000250491 0.000518933 0.00743631 -0.00243317 0.00239621 -0.00771263 0.000397155
internal_weight=7552.53 7531.61 2255.75 5275.86 2752.25 2523.6 2090.62
internal_count=2005305 580321 247642 332679 197244 135435 83048
is_linear=0
shrinkage=0.0964179


Tree=137
num_leaves=6
num_cat=0
split_feature=20 22 12 12 20
split_gain=17.1734 16.7637 15.8762 153.481 14.9765
threshold=-0.31652377821952643 -0.80608181725790351 -0.59831617770751122 1.7911462569582157 0.26746074186432528
decision_type=2 2 2 2 2
left_child=-1 -2 4 -4 -3
right_child=1 2 3 -5 -6
leaf_value=-0.087265760967292869 0.087270781829221267 0.015796293763578807 0.09560113547237413 -0.00043705566827625123 -0.0038256683302288368
leaf_weight=19.182101136387246 19.044134116530586 387.10850067157935 167.13412593444718 1850.9219390291892 5097.8824747193175
leaf_count=1420041 48314 12081 135469 67089 322311
internal_value=0.000252495 0.000498995 0.000255372 0.00756825 -0.00243003
internal_weight=7541.27 7522.09 7503.05 2018.06 5484.99
internal_count=2005305 585264 536950 202558 334392
is_linear=0
shrinkage=0.0964179


Tree=138
num_leaves=6
num_cat=0
split_feature=27 27 4 4 22
split_gain=16.7479 15.6629 15.5548 471.322 9.78982
threshold=-0.33123172993168598 3.0738462291640598 -1.0000000180025095e-35 0.00014212981636019497 0.63676893956494773
decision_type=2 2 2 2 2
left_child=-1 2 4 -4 -2
right_child=1 -3 3 -5 -6
leaf_value=-0.087076873893877818 0.011297353175983245 0.086796491346631949 -0.13568731452674027 0.0045905258274940132 0.00091958139170494543
leaf_weight=18.761797636738265 1348.8179321708121 17.896346708822421 235.58590660410937 3632.3956751987043 2282.0700131953963
leaf_count=1424984 164349 46042 21898 255878 92154
internal_value=0.000240204 0.000481444 0.000252154 -0.00399653 0.00478801
internal_weight=7535.53 7516.77 7498.87 3867.98 3630.89
internal_count=2005305 580321 534279 277776 256503
is_linear=0
shrinkage=0.0964179


Tree=139
num_leaves=12
num_cat=0
split_feature=25 25 25 25 4 26 16 20 14 19 5
split_gain=15.6077 80.3475 23.9377 160.967 18.2143 13.0322 12.0997 11.3488 10.5319 9.61752 6.588
threshold=1.2412975765866106 1.9155127157003671 1.240320354135134 0.54517633246108343 0.00014212981636019497 3.3654994447775399 0.066213391817704151 1.0707483789858514 -1.1752220088019287 -1.0009643641031616 -1.3239141619357893
decision_type=2 2 2 2 2 2 2 2 2 2 2
left_child=2 -2 3 4 -1 6 -4 8 -3 -7 -9
right_child=1 7 5 -5 -6 9 -8 10 -10 -11 -12
leaf_value=-0.0077974400931810741 0.095323004211380971 0.040153688066215908 -0.0032727905483523959 0.09578857228518553 0.0040584314781278519 0.056553816120240727 -0.023542518451378572 0.025916845185072077 0.005829409504151937 -0.068866584893849725 -0.013143624013187085
leaf_weight=2482.4545756797538 93.084179253170532 93.927247406454512 672.41857798194178 159.97452816788154 2333.5201296125911 4.7897664949373384 466.78159500745505 42.583591287353556 684.96440756047343 55.863705944889261 398.83054099605943
leaf_count=929478 19516 14585 107544 52053 695266 322 70198 993 103142 1884 10324
internal_value=0.000205267 0.00974759 -0.00182021 0.00112196 -0.00204587 -0.0140371 -0.0116313 0.00307407 0.0100888 -0.0571818 -0.0092137
internal_weight=7489.19 1313.39 6175.8 4975.95 4815.97 1199.85 1139.2 1220.31 778.892 60.6535 441.414
internal_count=2005305 148560 1856745 1676797 1624744 179948 177742 129044 117727 2206 11317
is_linear=0
shrinkage=0.0964179


Tree=140
num_leaves=5
num_cat=0
split_feature=20 22 27 20
split_gain=15.2341 14.9813 14.0303 14.0351
threshold=-0.31652377821952643 -0.80608181725790351 3.0738462291640598 0.42824070532760433
decision_type=2 2 2 2
left_child=-1 -2 3 -3
right_child=1 2 -4 -5
leaf_value=-0.08633045280282009 0.086366850129264247 0.0090841286598235451 0.085827616366447007 -0.0019261878061915482
leaf_weight=17.259034297809194 17.21470828107249 1303.8209827657756 16.151682126642299 6130.3396869756489
leaf_count=1420041 48314 50462 41055 445433
internal_value=0.000209413 0.000432719 0.000210803 1.49578e-06
internal_weight=7484.79 7467.53 7450.31 7434.16
internal_count=2005305 585264 536950 495895
is_linear=0
shrinkage=0.0964179


Tree=141
num_leaves=6
num_cat=0
split_feature=26 25 3 3 3
split_gain=14.8178 14.7341 14.0662 192.296 45.0867
threshold=1.0000000180025095e-35 -0.84747980254748345 -0.46713440540190715 -1.3888661770997277 -0.46249686779901333
decision_type=2 2 2 2 2
left_child=-1 -2 3 -3 -4
right_child=1 2 4 -5 -6
leaf_value=-0.086105501583579491 0.08625173396627156 -0.0031409923578240122 -0.015471437484108057 0.096121308828947899 0.0034637726462257729
leaf_weight=16.847841442902791 16.944832359156862 1721.2720060639906 1675.8586748024782 201.13292469250314 3850.5911708074927
leaf_count=1424984 54237 64634 65245 81351 314854
internal_value=0.000192491 0.00041049 0.000191879 0.00729685 -0.00227447
internal_weight=7482.65 7465.8 7448.85 1922.4 5526.45
internal_count=2005305 580321 526084 145985 380099
is_linear=0
shrinkage=0.0964179


Tree=142
num_leaves=13
num_cat=0
split_feature=4 4 24 24 25 25 11 11 20 14 23 25
split_gain=15.0771 404.562 11.7288 14.8595 9.97605 30.6506 12.3447 46.2155 12.728 7.78396 6.33715 0.760198
threshold=-1.0000000180025095e-35 0.00014212981636019497 6.0430865707256345 -0.16656885819106806 1.2412975765866106 1.9155127157003671 -0.65460502750834149 1.6373059191125916 0.66922973851436185 0.56746222251473466 0.40361723116211412 -0.84747980254748345
decision_type=2 2 2 2 2 2 2 2 2 2 2 2
left_child=4 11 3 -3 6 -6 8 -8 -1 -4 -7 -2
right_child=1 2 9 -5 5 10 7 -9 -10 -11 -12 -13
leaf_value=-0.0080610104578214496 0 0.0044580154046026544 -0.091798223668369816 0.087928560452601986 0.093027888982811058 0.002051121618773914 0.093405276447633204 0.0058234704546673731 0.0072291274560537322 -0.014414051888026011 0.022687411801607899 -0.13051455658702865
leaf_weight=1233.1337213521238 0.20467256309481641 3428.5554989604839 11.901563625248512 18.400358339806189 42.715536467628908 380.13391285831381 58.521513131636766 848.36841193929331 854.56012180615926 157.95061382513711 220.32618384706984 220.3053325368883
leaf_count=436318 31159 831495 1375 5933 9945 37276 76158 187973 94463 20514 16606 256090
internal_value=0.000189069 -0.00402118 0.00372398 0.00495467 0.00464005 0.0155293 0.00228214 0.0116695 -0.00178419 -0.0208535 0.00972349 -0.130332
internal_weight=7475.08 3837.32 3616.81 3446.96 3637.76 643.176 2994.58 906.89 2087.69 169.852 600.46 220.51
internal_count=2005305 1146566 859317 837428 858739 63827 794912 264131 530781 21889 53882 287249
is_linear=0
shrinkage=0.0964179


Tree=143
num_leaves=6
num_cat=0
split_feature=20 22 10 10 10
split_gain=13.4635 13.3552 12.8813 127.66 49.0922
threshold=-0.31652377821952643 -0.80608181725790351 -1.0431660949162691 -1.5514271540784927 -1.0342642474040435
decision_type=2 2 2 2 2
left_child=-1 -2 3 -3 -4
right_child=1 2 4 -5 -6
leaf_value=-0.085287663437499314 0.085375490807786933 -0.0024342752683560055 -0.022812530009915875 0.096084877868588853 0.0018796352084284125
leaf_weight=15.495205768383128 15.545773000590996 994.68690843192439 866.9886559053466 137.70527047769315 5404.6965595503971
leaf_count=1420041 48314 32273 33468 35273 435936
internal_value=0.000171664 0.000373363 0.000171598 0.0096329 -0.00153295
internal_weight=7435.12 7419.62 7404.08 1132.39 6271.69
internal_count=2005305 585264 536950 67546 469404
is_linear=0
shrinkage=0.0964179


Tree=144
num_leaves=12
num_cat=0
split_feature=12 12 3 3 3 3 17 10 3 3 20
split_gain=13.9079 131.732 15.1201 132.468 29.1567 220.8 13.2987 8.40611 5.67758 21.6106 5.47624
threshold=-0.59831617770751122 1.7911462569582157 -0.46713440540190715 -1.3888661770997277 -0.46249686779901333 0.46339115407939852 -0.30791872440705453 0.00023761816327847517 1.3900542603141643 0.46377620573662165 0.14853532825196053
decision_type=2 2 2 2 2 2 2 2 2 2 2
left_child=2 -2 3 7 6 -6 -4 -1 9 -3 -10
right_child=1 8 4 -5 5 -7 -8 -9 10 -11 -12
leaf_value=-0.01068528309027688 0.095414327051987685 0.0013958510605366771 -0.0046622220922755897 0.0956664989901201 0.096203020958612148 -0.0075066120320561522 -0.025475794082783308 0.0050934787319852279 0.043367997867994709 0.090151953650249125 -0.011816583629256189
leaf_weight=691.42894124099769 143.84012910734464 1389.3330490402748 462.13790747863447 137.26050171028965 204.29691268687111 2608.6051218065368 768.88509357116266 568.95949954027981 15.622008050705288 24.410476184567415 414.57688754388982
leaf_count=178159 151070 318766 150516 51842 66565 679756 164513 136216 88991 6150 12761
internal_value=0.000166494 0.00707 -0.00235001 0.0062785 -0.00534242 6.31899e-05 -0.0177078 -0.00353637 8.21918e-05 0.00305411 -0.00957553
internal_weight=7429.36 1987.78 5441.57 1397.65 4043.93 2812.9 1231.02 1260.39 1843.94 1413.74 430.199
internal_count=2005305 577738 1427567 366217 1061350 746321 315029 314375 426668 324916 101752
is_linear=0
shrinkage=0.0964179


Tree=145
num_leaves=6
num_cat=0
split_feature=26 25 4 4 25
split_gain=13.0423 12.8006 12.5928 352.845 8.77884
threshold=1.0000000180025095e-35 -0.84747980254748345 -1.0000000180025095e-35 0.00014212981636019497 1.2412975765866106
decision_type=2 2 2 2 2
left_child=-1 -2 4 -4 -3
right_child=1 2 3 -5 -6
leaf_value=-0.085000194884628233 0.085029645136292478 0.0020609827718051734 -0.12625828476879383 0.0033686344474178737 0.014572085995380086
leaf_weight=15.065105746745756 14.975715553627195 2968.9535144651632 204.84093728991411 3583.0121450289967 633.97027217063714
leaf_count=1424984 54237 227175 21897 251546 25466
internal_value=0.000191767 0.000388275 0.000193508 -0.00368216 0.00427797
internal_weight=7420.82 7405.75 7390.78 3787.85 3602.92
internal_count=2005305 580321 526084 273443 252641
is_linear=0
shrinkage=0.0964179


Tree=146
num_leaves=6
num_cat=0
split_feature=20 20 20 20 12
split_gain=12.0254 11.9048 11.6781 18.7085 12.2895
threshold=3.1362400211291224 -0.31652377821952643 0.26746074186432528 0.15294847912769555 -0.59831617770751122
decision_type=2 2 2 2 2
left_child=1 -1 3 -3 -4
right_child=-2 2 4 -5 -6
leaf_value=-0.08420523825352598 0.084380588216055263 0.0096105147705497669 -0.0033586508232574925 0.090916433379137115 0.0058889163368722021
leaf_weight=13.982308273074521 14.128707081696119 492.74755076333895 5019.1387068877484 26.413462866104965 1817.3515114834827
leaf_count=1420041 46299 12456 323376 5921 197212
internal_value=0.000162189 -1.26327e-05 0.000160758 0.0140832 -0.000894261
internal_weight=7383.76 7369.63 7355.65 519.161 6836.49
internal_count=2005305 1959006 538965 18377 520588
is_linear=0
shrinkage=0.0964179


Tree=147
num_leaves=8
num_cat=0
split_feature=26 11 11 10 10 10 7
split_gain=11.6028 11.5068 118.402 18.351 107.597 24.8069 8.19445
threshold=1.0000000180025095e-35 -0.65460502750834149 1.6373059191125916 -1.0431660949162691 -1.5514271540784927 -1.0342642474040435 0.78984070349433211
decision_type=2 2 2 2 2 2 2
left_child=-1 3 -3 4 -2 -5 -4
right_child=1 2 6 5 -6 -7 -8
leaf_value=-0.083919836134789733 -0.0014660735046487844 0.095140887910704006 0.0043514560317025304 -0.019438955172476548 0.095777808739321707 -0.0011691623665971947 -0.0091610646307278693
leaf_weight=13.626732533759421 997.32917806906562 129.22692982026456 1476.4973225904992 882.47001296539611 116.63687139418789 3186.8087277711006 579.29639457251369
leaf_count=1424984 33100 164594 61789 34328 33457 231794 21259
internal_value=0.000151353 0.000329928 0.00620007 -0.00213882 0.00880603 -0.00514616 0.000522034
internal_weight=7381.89 7368.27 2185.02 5183.24 1113.97 4069.28 2055.79
internal_count=2005305 580321 247642 332679 66557 266122 83048
is_linear=0
shrinkage=0.0964179


Tree=148
num_leaves=12
num_cat=0
split_feature=3 3 3 3 3 3 12 2 4 4 2
split_gain=10.8424 245.431 35.0062 209.845 31.2335 155.561 23.9016 14.0442 9.44251 8.98635 8.00113
threshold=0.46339115407939852 -0.46249686779901333 0.46377620573662165 1.3900542603141643 -0.46713440540190715 -1.3888661770997277 -0.59831617770751122 1.1294331640527198 1.0000000180025095e-35 -0.94072392355018064 -0.67813961860639249
decision_type=2 2 2 2 2 2 2 2 2 2 2
left_child=1 4 6 -4 5 -1 7 -2 -6 -8 -5
right_child=2 -3 3 10 8 -7 9 -9 -10 -11 -12
leaf_value=-0.0026788795529555627 -0.024965627729850358 0.096281250988629621 0.096239399255248437 0.005117086494810851 -0.0049094771866545562 0.095782708168896544 0.029612615505288816 0.0048247648184394556 -0.019353947663407381 -0.0023681956751167425 -0.010026891494431268
leaf_weight=1720.0484202974508 1052.6347121205415 247.39140109476421 208.13597213611547 434.85248768419297 848.97480831131497 161.67576849908301 105.21343488436435 168.13702118505171 852.16323503327203 339.71318483604102 1236.1117260172246
leaf_count=425156 274660 118801 92336 106010 177799 92600 19610 39252 248601 91291 319189
internal_value=0.000152653 0.00371309 -0.00368423 0.00532131 -0.00270861 0.00583577 -0.0138606 -0.020832 -0.0121779 0.0051923 -0.00606304
internal_weight=7375.05 3830.25 3544.8 1879.1 3582.86 1881.72 1665.7 1220.77 1701.14 444.927 1670.96
internal_count=2005305 1062957 942348 517535 944156 517756 424813 313912 426400 110901 425199
is_linear=0
shrinkage=0.0964179


Tree=149
num_leaves=12
num_cat=0
split_feature=25 25 25 25 23 23 9 26 16 18 25
split_gain=10.9149 60.5675 13.7065 126.72 12.5829 10.9547 10.7501 9.32864 9.41218 8.39414 7.55405
threshold=1.2412975765866106 1.9155127157003671 1.240320354135134 0.54517633246108343 4.2927522738593114 0.29080785504051582 0.22530151536196949 3.3654994447775399 0.066213391817704151 0.99989467479911531 1.93910325976135
decision_type=2 2 2 2 2 2 2 2 2 2 2
left_child=2 -2 3 4 -1 6 -3 8 -4 -9 -7
right_child=1 5 7 -5 -6 10 -8 9 -10 -11 -12
leaf_value=-0.0013100476888838887 0.094519119204294025 0.0056807853117770701 -0.0012042013862694808 0.095428755349281275 -0.055435303199382044 0.0033388467766708786 -0.019219746773592387 -0.064994460247248836 -0.018966861536452276 0.013456593828785198 0.02616273452060518
leaf_weight=4706.457416582587 69.918803711989767 359.47888919287311 674.91045241975621 126.42916217998481 38.718037657891728 325.0504136957419 287.74196589258486 49.333276474834975 475.15192388173364 15.291680050019748 234.74879351219499
leaf_count=1618457 19516 42992 107544 52053 6287 30843 36285 1806 70198 400 18924
internal_value=0.000185009 0.00828804 -0.00151084 0.000767952 -0.00177784 0.00314451 -0.00535378 -0.0106689 -0.0085905 -0.0460076 0.0130217
internal_weight=7363.23 1276.94 6086.29 4871.6 4745.18 1207.02 647.221 1214.69 1150.06 64.625 559.799
internal_count=2005305 148560 1856745 1676797 1624744 129044 79277 179948 177742 2206 49767
is_linear=0
shrinkage=0.0964179


Tree=150
num_leaves=8
num_cat=0
split_feature=27 25 25 10 25 10 10
split_gain=10.4747 10.5843 94.2353 15.4394 14.998 13.4597 12.5417
threshold=3.0738462291640598 -0.84736644215247259 -0.15117255224238041 -0.51704162257483832 -0.15114421253004459 0.00023761816327847517 -1.0342642474040435
decision_type=2 2 2 2 2 2 2
left_child=1 3 -3 6 -4 -5 -1
right_child=-2 2 4 5 -6 -7 -8
leaf_value=0.0033122681196283291 0.083076603015462602 0.094704887074363087 -0.0075292545387250455 -0.038004994997981205 0.0028223543453654775 -0.0074398148874310422 0.086480941553424159
leaf_weight=241.1692590611998 12.545048247377961 97.365977718804061 1812.3052130820652 214.83803777863289 4600.6631216133865 364.39188016581642 16.648469807746551
leaf_count=163653 46042 100183 460228 165407 810413 253525 5854
internal_value=0.000183289 1.87763e-05 0.00133668 -0.0101714 -9.85125e-05 -0.0189123 0.00932259
internal_weight=7359.93 7347.38 6510.33 837.048 6412.97 579.23 257.818
internal_count=2005305 1959263 1370824 588439 1270641 418932 169507
is_linear=0
shrinkage=0.0964179


Tree=151
num_leaves=6
num_cat=0
split_feature=26 25 10 10 10
split_gain=10.3345 10.333 9.95692 147.884 49.428
threshold=1.0000000180025095e-35 -0.84747980254748345 0.00023761816327847517 0.51742061525876248 -1.0000000180025095e-35
decision_type=2 2 2 2 2
left_child=-1 -2 4 -4 -3
right_child=1 2 3 -5 -6
leaf_value=-0.082760722373180121 0.08295426540567416 0.0025442223198477751 0.096187058654499766 -0.00040998196480076762 -0.023342851982570304
leaf_weight=12.33632286039119 12.450749376585916 3192.746025922851 153.00779775489627 3118.0067640807429 871.00643978117387
leaf_count=1424984 54237 247058 63614 183971 31441
internal_value=0.000180166 0.000342339 0.000179113 0.00414226 -0.00300239
internal_weight=7359.55 7347.22 7334.77 3271.01 4063.75
internal_count=2005305 580321 526084 247585 278499
is_linear=0
shrinkage=0.0964179


Tree=152
num_leaves=6
num_cat=0
split_feature=20 20 20 20 22
split_gain=10.6019 10.2091 10.8819 64.6671 28.7909
threshold=3.1362400211291224 -0.31652377821952643 0.42824070532760433 0.26764209782656151 1.1465130965109858
decision_type=2 2 2 2 2
left_child=1 -1 3 -3 -4
right_child=-2 2 4 -5 -6
leaf_value=-0.082679096943197125 0.083155276336437933 0.0027514905435704119 0.0020990605972712362 0.094188384837513628 -0.013687686424944882
leaf_weight=12.253464794121099 12.68651198379939 1204.8107544460527 4655.8147722226404 74.957559580593625 1393.4864611264475
leaf_count=1420041 46299 37074 422456 16764 62671
internal_value=0.000175341 8.92796e-06 0.000170125 0.00824622 -0.00153417
internal_weight=7354.01 7341.32 7329.07 1279.77 6049.3
internal_count=2005305 1959006 538965 53838 485127
is_linear=0
shrinkage=0.0964179


Tree=153
num_leaves=8
num_cat=0
split_feature=20 11 11 10 10 10 16
split_gain=9.61156 9.49876 96.4173 15.0021 158.433 33.8418 7.99566
threshold=3.1362400211291224 -0.65460502750834149 1.6373059191125916 -0.51704162257483832 -1.0342642474040435 -0.51702054451502888 0.3353575047036747
decision_type=2 2 2 2 2 2 2
left_child=1 3 -3 4 -1 -5 -4
right_child=-2 2 6 5 -6 -7 -8
leaf_value=-0.0034731336614691548 0.082134227173474753 0.094788530197286017 0.0046865893063942447 -0.022926668859469986 0.096193326429283743 -0.00020926587250650751 -0.0083929377232525443
leaf_weight=1998.0779626341534 11.675711912233053 105.01148923228266 1440.8703185914273 848.37003858787966 158.51802267290236 2167.4851320006683 619.55830284166495
leaf_count=502315 46299 148151 337622 234874 43732 544175 148137
internal_value=0.000166337 1.31067e-05 0.00537712 -0.0022265 0.00390181 -0.00662052 0.000732631
internal_weight=7349.57 7337.89 2165.44 5172.45 2156.6 3015.86 2060.43
internal_count=2005305 1959006 633910 1325096 546047 779049 485759
is_linear=0
shrinkage=0.0964179


Tree=154
num_leaves=8
num_cat=0
split_feature=20 20 20 22 22 20 26
split_gain=9.24695 10.2615 14.687 11.8948 114.176 30.8502 8.11045
threshold=-0.31652377821952643 0.26746074186432528 0.15294847912769555 1.1465130965109858 0.63684961880529978 1.3918653509338064 3.3654994447775399
decision_type=2 2 2 2 2 2 2
left_child=-1 2 6 4 -3 -5 -2
right_child=1 3 -4 5 -6 -7 -8
leaf_value=-0.081586587479728939 0.012407071985984581 -0.00035263726959255162 0.089253089530484442 -0.0046859959151335819 0.09560465089535615 -0.077757862728394495 -0.049578398720703513
leaf_weight=11.234307240692941 473.35358199781422 4537.0824995519361 21.252083435040731 2112.7380333933329 116.66317959002481 53.619940551697709 18.711905170290265
leaf_count=1420041 12309 425098 5921 94730 43657 3402 147
internal_value=0.000173429 0.000321381 0.0134494 -0.000664319 0.00207713 -0.00656735 0.00982356
internal_weight=7344.66 7333.42 513.318 6820.1 4653.75 2166.36 492.065
internal_count=2005305 585264 18377 566887 468755 98132 12456
is_linear=0
shrinkage=0.0964179


Tree=155
num_leaves=12
num_cat=0
split_feature=10 10 10 10 10 4 23 4 5 16 4
split_gain=9.28956 91.3374 26.0098 151.694 38.5684 8.55803 9.16746 8.53711 8.40736 7.15545 5.01108
threshold=-1.0431660949162691 -1.5514271540784927 -1.0342642474040435 -0.51704162257483832 -0.51702054451502888 -1.7700814699501854 0.030787930621730023 1.940846738934886 -1.8410330537922277 1.7331489950252055 0.84461024084635794
decision_type=2 2 2 2 2 2 2 2 2 2 2
left_child=1 8 5 -4 -5 6 -2 -7 10 -10 -1
right_child=2 -3 3 4 -6 7 -8 -9 9 -11 -12
leaf_value=0.064899432009617328 -0.026487789300614788 0.095395999850887786 0.095998571801186747 -0.020065467614898729 0.0022177194292015479 -0.020523353122557434 0.055508400333113612 0.030969767906468763 -0.00050311734642890355 -0.043833520432093771 -0.015833542915746148
leaf_weight=26.394058674911093 19.609013834524148 100.07841417122745 151.10520123180231 865.24055008891082 4315.1534810692156 825.01654606158445 29.164616691514993 29.133831205389015 936.81119164688425 35.314733665140011 7.9882878391292698
leaf_count=7169 5381 39243 61810 236608 1192250 219432 5568 6732 215576 13902 1634
internal_value=0.000164819 0.00830364 -0.00127574 0.00128241 -0.00150212 -0.0163965 0.0220292 -0.0186701 -0.000457762 -0.00218381 0.0452656
internal_weight=7341.01 1106.59 6234.42 5331.5 5180.39 902.924 48.7736 854.15 1006.51 972.126 34.3823
internal_count=2005305 277524 1727781 1490668 1428858 237113 10949 226164 238281 229478 8803
is_linear=0
shrinkage=0.0964179


Tree=156
num_leaves=12
num_cat=0
split_feature=12 12 3 3 3 3 3 5 5 3 8
split_gain=8.98623 98.7313 9.91951 94.541 20.0587 130.661 17.8206 7.34017 5.40804 9.20049 8.55803
threshold=-0.59831617770751122 1.7911462569582157 -0.46713440540190715 -1.3888661770997277 0.46377620573662165 1.3900542603141643 0.46339115407939852 -0.67361081030352832 -0.16519411206068343 1.3900542603141643 0.46340188887591693
decision_type=2 2 2 2 2 2 2 2 2 2 2
left_child=2 -2 3 7 6 -6 -4 -1 9 -3 -10
right_child=1 8 4 -5 5 -7 -8 -9 10 -11 -12
leaf_value=0.010404684858261055 0.09496558691785971 0.012227209537494526 -0.0016923020505941599 0.095018163189192137 0.095662844252242071 -0.0045564754626180618 -0.017551900131808032 -0.0062558376749103891 -0.0094465184298097478 -0.011734482321172844 0.010389184186209573
leaf_weight=330.33792292126259 107.37523605435695 612.01235940729157 1407.8162927080682 99.396949824888679 132.34468421435577 1240.2137652372653 1246.0920344201452 939.12606618581185 754.57670253542756 193.91718941138629 273.12393290699447
leaf_count=80161 151070 142001 381594 51842 51879 313965 313912 234214 179136 44507 61024
internal_value=0.000172785 0.00580059 -0.00184626 0.0052283 -0.00426148 0.00518061 -0.0091586 -0.00188433 0.000481234 0.00640504 -0.0041318
internal_weight=7336.33 1941.01 5395.33 1368.86 4026.47 1372.56 2653.91 1269.46 1833.63 805.93 1027.7
internal_count=2005305 577738 1427567 366217 1061350 365844 695506 314375 426668 186508 240160
is_linear=0
shrinkage=0.0964179


Tree=157
num_leaves=12
num_cat=0
split_feature=4 4 2 2 2 25 25 8 8 8 17
split_gain=9.24407 299.354 7.63526 27.251 16.2965 6.27481 19.9407 6.91263 53.8006 8.64083 6.10744
threshold=1.0000000180025095e-35 0.00014212981636019497 -1.129951883618534 -1.58173193882713 -1.1298445208197931 1.2412975765866106 1.9155127157003671 0.46340188887591693 1.389547605120159 0.46335767008516532 0.56005109077639592
decision_type=2 2 2 2 2 2 2 2 2 2 2
left_child=5 -2 3 -3 -4 7 -7 9 -9 -1 -8
right_child=1 2 4 -5 -6 6 10 8 -10 -11 -12
leaf_value=0.0029791936779786457 -0.12143832041537973 0.0075054678790304674 -0.017263213041927541 0.092381372420727886 0.0039844151175614864 0.090571990807736286 0.01555791439158145 0.094029677382215793 0.0019450735757920814 -0.010292480162179965 -0.0050337419575367023
leaf_weight=1541.4527772890081 187.30981707578167 431.2320801874867 380.96562610075671 36.905083634351229 2716.5445275319703 27.519127296344891 392.94327533568105 62.843826196955661 708.73033960236421 645.04452046360325 198.37927300974093
leaf_count=425451 287249 85382 85383 16698 671854 9945 38121 43129 163428 162904 15761
internal_value=0.00018429 -0.00315264 0.00310263 0.0145655 0.0013519 0.00369542 0.0125217 0.00183092 0.00967112 -0.000924228 0.00859371
internal_weight=7329.87 3752.96 3565.65 468.137 3097.51 3576.91 618.842 2958.07 771.574 2186.5 591.323
internal_count=2005305 1146566 859317 102080 757237 858739 63827 794912 206557 588355 53882
is_linear=0
shrinkage=0.0964179


Tree=158
num_leaves=6
num_cat=0
split_feature=26 25 25 25 3
split_gain=8.89652 8.74506 8.1987 46.5984 9.05182
threshold=1.0000000180025095e-35 -0.84747980254748345 1.2412975765866106 1.9155127157003671 -0.46713440540190715
decision_type=2 2 2 2 2
left_child=-1 -2 4 -4 -3
right_child=1 2 3 -5 -6
leaf_value=-0.081163055742044243 0.081181266362624863 0.0050693027197022391 0.09362437489333017 0.0032317361316042781 -0.0034931403742878308
leaf_weight=10.878170141097142 10.813201491090693 1538.4939412899703 53.950933858343888 1198.1668409769072 4484.9052299767836
leaf_count=1424984 54237 131294 19516 34769 340505
internal_value=0.000170519 0.000314703 0.000171721 0.00726992 -0.00129935
internal_weight=7297.21 7286.33 7275.52 1252.12 6023.4
internal_count=2005305 580321 526084 54285 471799
is_linear=0
shrinkage=0.0964179


Tree=159
num_leaves=6
num_cat=0
split_feature=20 20 20 20 22
split_gain=8.53771 8.12433 8.82037 12.3435 8.69234
threshold=3.1362400211291224 -0.31652377821952643 0.26746074186432528 0.15294847912769555 1.9517731565516774
decision_type=2 2 2 2 2
left_child=1 -1 3 -3 -4
right_child=-2 2 4 -5 -6
leaf_value=-0.080178490668577185 0.080833949212323453 0.0092804801194477007 -0.0004674376308131198 0.087731249382820481 -0.042225819255175948
leaf_weight=10.12252541903217 10.575679144661988 489.48270359620255 6721.3773025498595 17.981003456209692 45.095558039100069
leaf_count=1420041 46299 12456 518002 5921 2586
internal_value=0.000160232 2.04096e-05 0.000154597 0.0123983 -0.000761004
internal_weight=7294.63 7284.06 7273.94 507.464 6766.47
internal_count=2005305 1959006 538965 18377 520588
is_linear=0
shrinkage=0.0964179


Tree=160
num_leaves=6
num_cat=0
split_feature=26 25 12 12 3
split_gain=7.94598 7.92115 7.5981 87.1342 8.32746
threshold=1.0000000180025095e-35 -0.84747980254748345 -0.59831617770751122 1.7911462569582157 0.46377620573662165
decision_type=2 2 2 2 2
left_child=-1 -2 4 -4 -3
right_child=1 2 3 -5 -6
leaf_value=-0.079882468933855824 0.080038947662255555 -0.0039309811185327158 0.09473462585710074 0.00061324283346748585 0.0048009158439384029
leaf_weight=9.9127223053474136 9.9589768793075546 4000.1637882853752 94.719046578673442 1822.2396865322689 1356.1243795561345
leaf_count=1424984 54237 237456 133270 65784 89574
internal_value=0.000147003 0.000278414 0.000146648 0.00535787 -0.00171267
internal_weight=7293.12 7283.21 7273.25 1916.96 5356.29
internal_count=2005305 580321 526084 199054 327030
is_linear=0
shrinkage=0.0964179


Tree=161
num_leaves=12
num_cat=0
split_feature=10 10 10 10 10 9 8 5 5 5 4
split_gain=7.83137 77.7954 19.0928 129.365 29.038 8.10973 8.11649 7.02639 6.88462 6.6602 4.48708
threshold=-1.0431660949162691 -1.5514271540784927 -1.0342642474040435 -0.51704162257483832 -0.51702054451502888 1.4209362433771042 0.46335767008516532 -1.8410330537922277 -1.5722165341246173 -0.20657539185684512 0.84461024084635794
decision_type=2 2 2 2 2 2 2 2 2 2 2
left_child=1 7 5 -4 -5 6 -2 10 -9 -7 -1
right_child=2 -3 3 4 -6 9 -8 8 -10 -11 -12
leaf_value=0.062157566984703441 -0.0074895896391163445 0.095026935570137985 0.095717038528821477 -0.017313931677187901 0.0019162498174793749 -0.019168370135490363 -0.026717657513524111 -0.054181714243572189 -0.00013934434960316184 0.03615736165525113 -0.014248432058821274
leaf_weight=25.085080121741612 427.95640300441653 85.611295908314219 129.25319114708873 878.17393316779544 4277.1206367006353 31.004549864063407 404.01439521852524 20.867697360371039 952.10313187571319 50.089377478233231 8.0930737826571413
leaf_count=7169 109935 39243 61810 236608 1192250 8262 107755 6276 223202 11161 1634
internal_value=0.000141322 0.00766928 -0.00118058 0.00103887 -0.00135683 -0.014045 -0.0169038 6.12081e-05 -0.0014226 0.0146051 0.0426804
internal_weight=7289.37 1091.76 6197.61 5284.55 5155.29 913.065 831.971 1006.15 972.971 81.0939 33.1782
internal_count=2005305 277524 1727781 1490668 1428858 237113 217690 238281 229478 19423 8803
is_linear=0
shrinkage=0.0964179


Tree=162
num_leaves=13
num_cat=0
split_feature=4 4 19 19 4 16 19 0 19 20 2 0
split_gain=7.70123 262.641 7.05592 14.0772 8.59974 5.86243 10.3891 11.4334 8.24539 8.00285 6.95404 6.10511
threshold=1.0000000180025095e-35 0.00014212981636019497 0.65313783853245078 0.9077683405525695 1.3013775295197814 -1.0817778725852507 -0.70989278927510691 -0.76362253676659031 -0.69396091481185429 1.0708169467550437 0.67200806877868813 -0.73600870364481452
decision_type=2 2 2 2 2 2 2 2 2 2 2 2
left_child=5 -2 4 -4 -3 9 7 -7 -8 11 -11 -1
right_child=1 2 3 -5 -6 6 8 -9 -10 10 -12 -13
leaf_value=-0.071835382049722715 -0.11808379612600758 0.0092941913950891318 -0.023946261216737333 0.0019565018429029734 -0.0041796219152508323 -0.080612061411165933 -0.049113954583494088 0.019841193427389072 0.0025582456003233785 0.036479511739663531 -0.0305434781571121 -0.015498470652180947
leaf_weight=26.172978259639137 173.82477527812807 1740.0465450225324 241.01671396669235 985.03869041639928 584.14119813989646 9.1005309662945688 27.339683286730178 457.02600688435047 2922.8319545264349 37.202724151323537 20.924586562404784 60.660619585565257
leaf_count=20624 287249 488127 48342 153458 169390 2904 6963 169074 602493 13117 5189 38375
internal_value=0.000146115 -0.00291361 0.00276572 -0.0031305 0.00589168 0.00335576 0.00417245 0.0175336 0.00204077 -0.0154795 0.0115744 -0.033881
internal_weight=7285.33 3724.07 3550.24 1226.06 2324.19 3561.26 3416.3 466.127 2950.17 144.961 58.1273 86.8336
internal_count=2005305 1146566 859317 201800 657517 858739 781434 171978 609456 77305 18306 58999
is_linear=0
shrinkage=0.0964179


Tree=163
num_leaves=8
num_cat=0
split_feature=20 18 26 27 21 23 27
split_gain=7.59962 8.31185 7.12507 7.021 6.92545 7.28705 2.31654
threshold=3.1362400211291224 -1.2882532575757553 1.0000000180025095e-35 3.0738462291640598 -0.56232945816127267 -1.2265928600416032 1.8480936624362816
decision_type=2 2 2 2 2 2 2
left_child=1 4 -3 -4 6 -6 -1
right_child=-2 2 3 -5 5 -7 -8
leaf_value=0.060256217041540473 0.079471125569231124 -0.07854590144090258 0.000237528257586767 0.078643021330408708 0.043920294293121338 -0.08017577605096729 -0.053829946059445577
leaf_weight=5.7796093223050056 9.6030985435927487 9.052484910621386 7189.6139047861052 9.0378804880865555 3.7298938283010754 27.56311671029907 0.46830549059478688
leaf_count=3116 46299 1384927 485547 40889 31180 13264 83
internal_value=0.000119034 0 0.000236916 0.000358445 -0.0443153 -0.0628668 0.0378605
internal_weight=7254.85 7245.25 7207.7 7198.65 37.5409 31.293 6.24791
internal_count=2005305 1959006 1911363 526436 47643 44444 3199
is_linear=0
shrinkage=0.0964179


Tree=164
num_leaves=9
num_cat=0
split_feature=20 20 20 22 22 20 23 22
split_gain=7.16426 7.2633 51.9785 17.6169 92.7351 18.5816 7.87349 1.23346
threshold=-0.31652377821952643 0.42824070532760433 0.26764209782656151 1.1465130965109858 0.63684961880529978 1.3918653509338064 3.0931943264753174 2.9446933870007466
decision_type=2 2 2 2 2 2 2 2
left_child=-1 2 6 4 -3 -5 -2 -4
right_child=1 3 7 5 -6 -7 -8 -9
leaf_value=-0.078654254800603035 0.0043313646946318892 -0.00026781489990440887 0.0946812839588283 -0.0082215993559898119 0.095151145462094952 -0.063702685917752189 -0.029672152017362997 0
leaf_weight=9.1174058067226706 1129.1066635914758 4480.0174988572444 59.486512732073606 1356.8162642146192 95.117345073504111 57.270556601011549 65.298553233905977 0.75683034399867111
leaf_count=1420041 35330 425098 16727 59269 43657 3402 1744 37
internal_value=0.000110691 0.000232169 0.00690203 -0.00116049 0.0017406 -0.0105636 0.0024049 0.0931097
internal_weight=7252.99 7243.87 1254.65 5989.22 4575.13 1414.09 1194.41 60.2433
internal_count=2005305 585264 53838 531426 468755 62671 37074 16764
is_linear=0
shrinkage=0.0964179


Tree=165
num_leaves=12
num_cat=0
split_feature=2 2 2 2 2 27 12 20 19 19 27
split_gain=7.09886 59.9303 12.4705 104.411 23.7698 14.6066 14.3826 10.3973 7.47009 7.97455 7.17256
threshold=1.1294331640527198 1.5812841734559624 1.1293110976641019 0.67760476106377232 0.67200806877868813 0.81915630736437073 -0.59831617770751122 0.66922973851436185 -0.8933619520869579 0.35355077899878579 0.24107939973701828
decision_type=2 2 2 2 2 2 2 2 2 2 2
left_child=2 -2 3 4 -1 6 -4 -7 10 -10 -3
right_child=1 8 5 -5 -6 7 -8 -9 9 -11 -12
leaf_value=0.0014105944959660879 0.094473089048733916 0.061991687803104441 -0.011547449020438834 0.095530552792713788 -0.016485875861328891 -0.042566530218718292 0.026196286972401776 -0.0070612580869257166 0.013621323163059279 -0.0058224214283081038 -0.033014835534616351
leaf_weight=4597.4657179057131 67.345903442568556 6.3796134346541171 352.28182545635207 104.01287039123235 809.71306753926274 189.16811985581643 125.99690279836688 134.02816908460011 400.21155168138421 378.6667784505255 83.795242299825247
leaf_count=1301114 32861 37281 143040 51066 207316 8664 48230 6705 100019 63475 5534
internal_value=0.000109132 0.00794027 -0.00104849 0.000580727 -0.00126675 -0.0122755 -0.00147465 -0.0280614 0.0010317 0.0041294 -0.0249354
internal_weight=7249.07 936.399 6312.67 5511.19 5407.18 801.475 478.279 323.196 869.053 778.878 90.1749
internal_count=2005305 239170 1766135 1559496 1508430 206639 191270 15369 206309 163494 42815
is_linear=0
shrinkage=0.0964179


Tree=166
num_leaves=12
num_cat=0
split_feature=20 10 10 10 10 4 0 22 8 0 18
split_gain=6.9778 7.23004 66.7559 14.6543 111.876 6.52643 5.32594 4.58495 3.5982 5.33689 1.93806
threshold=1.8740994592521421 -1.0431660949162691 -1.5514271540784927 -1.0342642474040435 -0.51704162257483832 -1.7700814699501854 -0.75154421276017225 -1.0000000180025095e-35 -1.388892353266092 -0.73308916951816927 1.7369376091831163
decision_type=2 2 2 2 2 2 2 2 2 2 2
left_child=1 2 6 5 -5 -3 -1 -2 9 -9 -10
right_child=7 3 -4 4 -6 -7 -8 8 10 -11 -12
leaf_value=0.03067448305426658 0.082993129484302985 0.021101019722278645 0.094611504459863049 0.095404796176570716 -0.0015436372198534296 -0.014617010745535803 -0.0010973926892026526 -0.14545538383542081 0.038499610956651942 0.0051500421997322243 -0.042216263582053146
leaf_weight=50.081902498865929 12.525383217036277 48.134298834090487 73.848602604865391 111.50546747718454 5098.320843953069 866.5264301119721 947.01862176159057 1.2720559194167433 28.808579800417878 7.0965731780861443 1.3148780926012467
leaf_count=11036 56645 10795 33789 53108 1381923 224051 225047 87 7780 736 308
internal_value=0.000116469 -0.000134311 0.0071629 -0.00141778 0.000553038 -0.0126643 0.000508737 0.0351033 0.0159271 -0.033776 0.0318837
internal_weight=7246.45 7195.44 1070.95 6124.49 5209.83 914.661 997.101 51.0175 38.4921 8.36863 30.1235
internal_count=2005305 1939749 269872 1669877 1435031 234846 236083 65556 8911 823 8088
is_linear=0
shrinkage=0.0964179


Tree=167
num_leaves=12
num_cat=0
split_feature=11 11 10 10 10 10 10 14 7 19 7
split_gain=7.00074 75.6247 12.2623 140.586 26.1223 110.313 21.5576 19.6126 6.15138 6.00048 5.26438
threshold=-0.65460502750834149 1.6373059191125916 -1.0000000180025095e-35 -0.51702054451502888 0.00023761816327847517 0.51742061525876248 -0.51704162257483832 1.1603462868147605 0.78984070349433211 1.714166587243269 0.78988361565612364
decision_type=2 2 2 2 2 2 2 2 2 2 2
left_child=2 -2 3 6 7 -6 -1 -4 9 -3 -10
right_child=1 8 4 -5 5 -7 -8 -9 10 -11 -12
leaf_value=0.002841915160768657 0.094292139106922551 0.0066984787915679187 -0.025972955913570923 0.095971968356087456 0.095633444416974731 -0.0077285224243812123 -0.015054840782187166 0.014578815041799999 -0.05799162829600342 -0.012331256643966721 -0.0055296525768759831
leaf_weight=2096.5020072643752 82.668541147169208 1289.2067021031926 756.57447429102342 139.59685658386661 104.52122932567261 1002.2858990031929 888.91832125182827 127.59113058981427 16.993166111371579 172.28528328091488 565.58773998880827
leaf_count=557255 164594 330692 202036 48432 35021 236163 236608 34510 4443 23225 132326
internal_value=0.000122266 0.00477415 -0.00180536 0.0019532 -0.00771978 0.0021237 -0.00247998 -0.0200644 0.00106517 0.00441941 -0.0072765
internal_weight=7242.73 2126.74 5115.99 3125.02 1990.97 1106.81 2985.42 884.166 2044.07 1461.49 582.581
internal_count=2005305 655280 1350025 842295 507730 271184 793863 236546 490686 353917 136769
is_linear=0
shrinkage=0.0964179


Tree=168
num_leaves=12
num_cat=0
split_feature=12 12 10 10 6 10 10 10 19 7 2
split_gain=6.70178 70.399 6.67453 54.0929 13.3752 10.7979 108.165 27.3357 6.38431 7.78326 6.68281
threshold=-0.59831617770751122 1.7911462569582157 1.034805285021893 1.5519657867656547 1.706055998725525 1.0000000180025095e-35 -0.51702054451502888 0.00023761816327847517 1.1569332347600774 1.5797937258247379 -1.129951883618534
decision_type=2 2 2 2 2 2 2 2 2 2 2
left_child=2 -2 5 -4 -5 6 -1 -7 10 -10 -3
right_child=1 8 3 4 -6 7 -8 -9 9 -11 -12
leaf_value=-0.0030335966557216015 0.094297498088435752 0.014743910690087444 0.094253500130774923 0.0021451928475610862 -0.060389446173013846 -0.024365881316418831 0.095455343778543297 -0.00091371634123953757 0.0082254360209813512 0.061727776134730017 -0.0043911191476702456
leaf_weight=2213.2615760829058 77.184684901209494 194.42648047476723 58.803184339776294 694.41378904410067 31.704944616639636 654.18492401633148 107.14198231242699 1576.2183995890605 361.1836658508098 26.018950092643308 1242.1604625696145
leaf_count=586049 151070 45995 22629 168838 8499 175601 40077 425874 52129 2954 325590
internal_value=0.000137943 0.00505587 -0.00160838 0.00657962 -0.000662258 -0.00303042 0.00156104 -0.00782108 0.00117991 0.012153 -0.0017627
internal_weight=7236.7 1900.97 5335.73 784.922 726.119 4550.81 2320.4 2230.4 1823.79 387.203 1436.59
internal_count=2005305 577738 1427567 199966 177337 1227601 626126 601475 426668 55083 371585
is_linear=0
shrinkage=0.0964179


Tree=169
num_leaves=12
num_cat=0
split_feature=25 25 8 8 8 8 17 20 14 16 21
split_gain=6.90812 35.8274 8.57341 99.1293 17.9269 137.809 8.47036 8.4449 8.23947 7.33095 7.2777
threshold=1.2412975765866106 1.9155127157003671 0.46340188887591693 1.389547605120159 0.46335767008516532 -0.46276411544014412 1.5663863000646445 1.0707483789858514 -1.1752220088019287 2.8882436521245398 -0.46975175043043155
decision_type=2 2 2 2 2 2 2 2 2 2 2
left_child=2 -2 4 -4 5 -1 -6 8 -3 -5 -9
right_child=1 7 3 9 6 -7 -8 10 -10 -11 -12
leaf_value=-0.0036866981127648118 0.092579982857986812 0.036940488007489919 0.095092828486689748 -0.0010001675428618492 -0.014888195277133984 0.095491471367570635 0.013098832209835416 0.0031890884638937976 0.0059035444242467186 -0.085584679746634001 -0.021977652725587722
leaf_weight=2951.9931642977235 42.014994811220276 89.732619817006821 104.11295345939652 1448.491174929592 1242.2421765312777 134.64831313250124 106.77562106765686 256.40232408941893 669.8962939938823 8.0057554143354519 178.70527085122012
leaf_count=873836 19516 14585 86432 386757 362633 109760 30891 6132 103142 6436 5185
internal_value=0.000148572 0.00670928 -0.00119999 0.00493382 -0.00336722 0.000675234 -0.0126333 0.00353947 0.00968734 -0.00158331 -0.00710697
internal_weight=7233.02 1236.75 5996.27 1560.61 4435.66 3086.64 1349.02 1194.74 759.629 1456.5 435.108
internal_count=2005305 148560 1856745 479625 1377120 983596 393524 129044 117727 393193 11317
is_linear=0
shrinkage=0.0964179


Tree=170
num_leaves=12
num_cat=0
split_feature=2 2 2 2 2 2 2 23 7 7 9
split_gain=6.5342 47.617 8.20547 110.33 17.1975 14.5332 112.134 9.0166 7.01732 8.687 5.94131
threshold=1.1294331640527198 1.5812841734559624 0.22487973859791396 -0.22615754846910222 -0.23084424977678578 0.22573258838220153 0.67200806877868813 0.50644339104383107 0.32007759140570075 0.1439369756778214 -1.2708746221382576
decision_type=2 2 2 2 2 2 2 2 2 2 2
left_child=2 -2 3 4 -1 7 -7 -4 9 -3 -10
right_child=1 8 5 -5 -6 6 -8 -9 10 -11 -12
leaf_value=0.0026646115536720846 0.093739335996784731 0.0057170978815439602 -0.021500825687005651 0.095649283999572329 -0.013265517950616212 0.095463719099627142 -0.0062555760900020688 0.0027091125161022738 0.021173527592016152 0.053179139773800926 -0.013185305114553911
leaf_weight=2739.6607677132788 54.608058851953842 474.95216831295215 614.6017024188086 111.72036302944434 815.93295468508632 105.37518680697144 1729.1502254892102 182.47606149836906 52.852293215317502 37.592884551183602 311.27635026256991
leaf_count=763414 32861 112431 169596 64087 206441 60709 465021 36867 10524 8404 74950
internal_value=0.000158659 0.007694 -0.000951347 0.00198925 -0.000985153 -0.00506173 -0.000315018 -0.0159187 0.00213203 0.00942329 -0.00802839
internal_weight=7230.2 931.282 6298.92 3667.31 3555.59 2631.6 1834.53 797.078 876.674 512.545 364.129
internal_count=2005305 239170 1766135 1033942 969855 732193 525730 206463 206309 120835 85474
is_linear=0
shrinkage=0.0964179


Tree=171
num_leaves=8
num_cat=0
split_feature=20 20 20 4 25 25 22
split_gain=6.33371 7.93601 8.68511 7.64029 6.96165 115.972 12.6381
threshold=-0.31652377821952643 0.26746074186432528 0.15294847912769555 -0.62531427076536505 -0.15114421253004459 0.54363913134104525 0.63676893956494773
decision_type=2 2 2 2 2 2 2
left_child=-1 2 3 -2 6 -6 -3
right_child=1 4 -4 -5 5 -7 -8
leaf_value=-0.07708601709489428 0.029041769560000118 0.0035260354119774897 0.084584205653252365 0.0020310306572625565 0.095159057487366652 -0.00093133923925789496 -0.01029719391995221
leaf_weight=8.2486993823740686 134.68072350004695 1041.9163878574543 13.40902536243402 353.77103901644614 118.59906534430138 4068.4734447768706 1485.9873544167388
leaf_count=1420041 3355 182842 5921 9101 96079 164047 123919
internal_value=0.000170895 0.000281278 0.0119603 0.00962309 -0.000588828 0.00181708 -0.00458678
internal_weight=7225.09 7216.84 501.861 488.452 6714.98 4187.07 2527.9
internal_count=2005305 585264 18377 12456 566887 260126 306761
is_linear=0
shrinkage=0.0964179


Tree=172
num_leaves=6
num_cat=0
split_feature=26 20 12 12 3
split_gain=6.17284 6.01847 5.78675 58.0603 6.90824
threshold=1.0000000180025095e-35 3.1362400211291224 -0.59831617770751122 1.7911462569582157 -0.46713440540190715
decision_type=2 2 2 2 2
left_child=-1 2 4 -4 -2
right_child=1 -3 3 -5 -6
leaf_value=-0.076754746552048628 0.0045190970818532981 0.076609103531346673 0.093768336601624466 0.0015247836300807398 -0.0034760894472872649
leaf_weight=8.0828047265913465 1339.3913539267869 7.9917431365493021 64.166181487839822 1823.8775166814303 3979.0407782440616
leaf_count=1424984 92011 46299 136210 66042 239759
internal_value=0.000166253 0.000274446 0.000167788 0.00475562 -0.00145502
internal_weight=7222.55 7214.47 7206.48 1888.04 5318.43
internal_count=2005305 580321 534022 202252 331770
is_linear=0
shrinkage=0.0964179


Tree=173
num_leaves=8
num_cat=0
split_feature=20 20 20 0 2 2 7
split_gain=5.66621 6.63679 7.96921 7.37135 6.13369 40.528 8.80102
threshold=-0.31652377821952643 0.26746074186432528 0.15294847912769555 2.513043532255764 1.1294331640527198 1.5812841734559624 -1.3990930976782492
decision_type=2 2 2 2 2 2 2
left_child=-1 2 3 -2 6 -6 -3
right_child=1 4 -4 -5 5 -7 -8
leaf_value=-0.07562616591129806 0.01113364663010942 -0.012547368897564332 0.083458153018696066 -0.052202186818633867 0.093089620110970356 0.0019254888625287125 -0.00036848307280806938
leaf_weight=7.5576300697211982 469.88937978718445 616.02866463614828 12.255125870071423 15.987463679868368 46.46789494142979 817.91826514340789 5233.4783298548509
leaf_count=1420041 12027 32741 5921 429 32149 27327 474670
internal_value=0.000156866 0.000258054 0.0109811 0.00881087 -0.000534566 0.00703103 -0.00166035
internal_weight=7219.58 7212.03 498.132 485.877 6713.89 864.386 5849.51
internal_count=2005305 585264 18377 12456 566887 59476 507411
is_linear=0
shrinkage=0.0964179


Tree=174
num_leaves=8
num_cat=0
split_feature=27 4 4 23 23 21 23
split_gain=6.176 6.12316 227.197 7.06142 6.01253 10.0899 7.98236
threshold=3.0738462291640598 1.0000000180025095e-35 0.00014212981636019497 -0.74824398381542745 -0.9801418682482631 1.3344721657846217 -1.0705713066687577
decision_type=2 2 2 2 2 2 2
left_child=1 4 -3 -4 6 -6 -1
right_child=-2 2 3 -5 5 -7 -8
leaf_value=0.0057829857966092673 0.07695129076060446 -0.11512097203799437 -0.0077884465316013715 0.0042187230949534398 0.0021581908932796997 -0.054790900650589371 0.039765704111959906
leaf_weight=233.98434086226251 8.1207315679876029 158.29912017589731 534.00187147945371 2986.6446028624873 3180.0964028866338 27.55206067219433 89.212659676372198
leaf_count=127001 46042 287243 201002 635101 677008 10632 21276
internal_value=0.000146082 3.75013e-05 -0.00270955 0.00238452 0.00290996 0.00163068 0.0154245
internal_weight=7217.91 7209.79 3678.95 3520.65 3530.85 3207.65 323.197
internal_count=2005305 1959263 1123346 836103 835917 687640 148277
is_linear=0
shrinkage=0.0964179


Tree=175
num_leaves=13
num_cat=0
split_feature=25 25 23 23 10 17 10 10 10 18 22 23
split_gain=5.83158 30.886 7.65116 9.24127 8.7134 7.07943 10.6137 35.4448 13.1281 6.40324 6.53688 5.82792
threshold=1.2412975765866106 1.9155127157003671 0.29080785504051582 -0.52638061788574531 -0.51702054451502888 -0.57867843472739411 1.034805285021893 1.5519657867656547 1.0000000180025095e-35 -1.2882532575757553 1.0000000180025095e-35 -1.2141318909775844
decision_type=2 2 2 2 2 2 2 2 2 2 2 2
left_child=5 -2 3 -3 -4 9 8 -8 -7 11 -11 -1
right_child=1 2 4 -5 -6 6 7 -9 -10 10 -12 -13
leaf_value=0.051443424615591933 0.091859560493845735 0.0097174177453981988 -0.0027680168956695428 -0.013562778281670899 0.021849111985217665 0.00057496141869988295 0.092931749118022128 0.0023432710722244916 -0.010634244110353866 0.01860119740747088 0.0023714239962653069 -0.052606350725566201
leaf_weight=4.3298340741118215 36.340056142743606 272.52894278543658 221.94607264432176 371.72705471486358 324.47955408492959 1969.6637294822126 41.3305244982555 639.86510414872259 1903.468888666047 294.40424771799144 1082.7877439044055 28.520370570715677
leaf_count=34752 19516 40826 21013 38451 28754 519729 24103 139090 493257 356411 273314 16089
internal_value=0.000125324 0.00617876 0.00341364 -0.00365919 0.0118052 -0.00111527 -0.00296849 0.00809747 -0.00492662 0.00484139 0.00588471 -0.0360889
internal_weight=7191.39 1227.02 1190.68 644.256 546.426 5964.37 4554.33 681.196 3873.13 1410.04 1377.19 32.8502
internal_count=2005305 148560 129044 79277 49767 1856745 1176179 163193 1012986 680566 629725 50841
is_linear=0
shrinkage=0.0964179


Tree=176
num_leaves=5
num_cat=0
split_feature=27 27 20 27
split_gain=5.60061 5.50914 5.2828 5.24237
threshold=3.0738462291640598 -0.33123172993168598 3.1362400211291224 0.4031707873300388
decision_type=2 2 2 2
left_child=1 -1 3 -3
right_child=-2 2 -4 -5
leaf_value=-0.07529634485132089 0.075646969568036626 0.006101039648507476 0.074807501587670841 -0.0010857146443756913
leaf_weight=7.4146429788315791 7.5184306558303424 1116.148332439654 7.1955917428131206 6052.0702445118077
leaf_count=1424984 46042 36047 41569 456663
internal_value=0.00012734 2.64257e-05 0.00012607 2.93797e-05
internal_weight=7190.35 7182.83 7175.41 7168.22
internal_count=2005305 1959263 534279 492710
is_linear=0
shrinkage=0.0964179


Tree=177
num_leaves=12
num_cat=0
split_feature=10 10 10 10 10 4 4 5 16 4 21
split_gain=5.10285 54.8574 10.7178 90.2955 16.2049 6.17893 6.37767 5.96573 5.50172 3.97538 3.93254
threshold=-1.0431660949162691 -1.5514271540784927 -1.0342642474040435 -0.51704162257483832 -0.51702054451502888 1.940846738934886 -1.0763520769951549 -1.8410330537922277 1.7331489950252055 0.84461024084635794 -0.034588424472538633
decision_type=2 2 2 2 2 2 2 2 2 2 2
left_child=1 7 5 -4 -5 6 -2 9 -9 -1 -7
right_child=2 -3 3 4 -6 10 -8 8 -10 -11 -12
leaf_value=0.059787451578871616 0.0051535797542822019 0.094015784854335829 0.094957854258271218 -0.01268331835847623 0.0015512874328261217 0.048043896148003938 -0.015770049513938265 0.00086083585692136189 -0.036569090560806893 -0.011991625969245513 -0.034390195526196876
leaf_weight=23.946833440245172 162.06863101145223 60.780844320452388 91.300404813005116 900.98663831818612 4205.4249620140217 24.269918007986437 736.71690560929642 934.71055084358659 36.35665279067041 8.2517010537609661 5.0304640558495342
leaf_count=7169 34769 39243 61810 236608 1192250 4600 195612 215576 13902 1634 2132
internal_value=0.000117266 0.00627971 -0.000948594 0.000750118 -0.000956393 -0.0104861 -0.0119544 0.000787157 -0.000561133 0.0406236 0.0316714
internal_weight=7189.84 1064.05 6125.8 5197.71 5106.41 928.086 898.786 1003.27 971.067 32.1985 29.3004
internal_count=2005305 277524 1727781 1490668 1428858 237113 230381 238281 229478 8803 6732
is_linear=0
shrinkage=0.0964179


Tree=178
num_leaves=9
num_cat=0
split_feature=20 20 20 22 22 20 13 22
split_gain=5.08294 5.60343 36.981 9.90727 66.651 13.032 7.97114 1.15306
threshold=-0.31652377821952643 0.42824070532760433 0.26764209782656151 1.1465130965109858 0.63684961880529978 1.3918653509338064 1.0255374824464256 2.9446933870007466
decision_type=2 2 2 2 2 2 2 2
left_child=-1 2 6 4 -3 -5 -2 -4
right_child=1 3 7 5 -6 -7 -8 -9
leaf_value=-0.074154235264152199 -0.00086369320377204092 -0.00026226038449449917 0.093346262406435773 -0.0059799121295143259 0.094277643972374078 -0.05091916014567955 0.019485445071282737 0
leaf_weight=6.9525211477912299 976.34088970622565 4439.6251850380522 43.314969604889257 1372.96810977632 68.81527597008153 61.495245329856971 216.74103087646654 0.76853574350479803
leaf_count=1420041 30828 425098 16727 59269 43657 3402 6246 37
internal_value=0.000122174 0.00021564 0.00611886 -0.00100849 0.00120566 -0.00798624 0.00282385 0.0912814
internal_weight=7187.02 7180.07 1237.17 5942.9 4508.44 1434.46 1193.08 44.0835
internal_count=2005305 585264 53838 531426 468755 62671 37074 16764
is_linear=0
shrinkage=0.0964179


Tree=179
num_leaves=13
num_cat=0
split_feature=4 4 13 7 23 23 21 8 23 8 23 19
split_gain=5.16311 200.491 6.47058 10.2003 7.21657 4.83652 8.10697 7.89838 6.93134 7.71165 6.38474 6.08296
threshold=1.0000000180025095e-35 0.00014212981636019497 -0.74591826750667733 1.4661889073341789 -0.74824398381542745 -0.9801418682482631 1.3344721657846217 -0.46432749297187043 -1.0705713066687577 0.46335767008516532 -1.0368382507908545 -0.13863153281877891
decision_type=2 2 2 2 2 2 2 2 2 2 2 2
left_child=5 -2 3 -3 -4 8 11 -8 9 -1 -10 -7
right_child=1 2 4 -5 -6 6 7 -9 10 -11 -12 -13
leaf_value=0.022301845160040964 -0.11230340932040782 0.024918606154862643 -0.009512111759877406 -0.042282855979535031 0.0030366830889128828 0.007428721640902255 0.01810688479364745 -0.082100731927690615 0.06636385189701087 -0.012508656852886477 0.012413356187542237 -0.0012258742345164226
leaf_weight=118.59486471123282 146.51413490154209 202.25137353592061 500.47435390076816 21.593227884118392 2789.5945959754431 1223.4106689823388 9.7458638789399306 19.086311704901107 37.751913602814881 113.85097713175759 48.522472695339786 1952.9560747422361
leaf_count=69526 287249 47077 193716 4304 614220 333062 2921 8015 8275 60972 13552 362416
internal_value=0.000117868 -0.00241245 0.00220821 0.0180213 0.0011131 0.00275638 0.00161379 -0.047867 0.0140683 0.00512809 0.0372114 0.0020982
internal_weight=7184.35 3660.43 3513.91 223.845 3290.07 3523.92 3205.2 28.8322 318.72 232.446 86.2744 3176.37
internal_count=2005305 1146566 859317 51381 807936 858739 706414 10936 152325 130498 21827 695478
is_linear=0
shrinkage=0.0964179


Tree=180
num_leaves=9
num_cat=0
split_feature=27 20 17 18 21 10 0 5
split_gain=5.04442 4.96285 5.22322 5.12866 5.56778 4.96107 3.71069 1.71619
threshold=3.0738462291640598 1.8740994592521421 -0.54759333319399828 -1.2882532575757553 -0.56232945816127267 0.00023761816327847517 -0.74269923037908259 2.2248933055288962
decision_type=2 2 2 2 2 2 2 2
left_child=1 3 7 4 -1 -5 -4 -3
right_child=-2 2 6 5 -6 -7 -8 -9
leaf_value=0.039414830573776427 0.074211496262193907 0.07736646095790839 -0.076308594505412233 -0.0022719923243926889 -0.050029529012491365 0.0028710913113876202 0.017868882420113117 -0.024028597411172154
leaf_weight=6.2223806626993499 6.9284870985293301 16.554756512819271 2.8611286106727247 3944.2801909377922 33.384434974404513 3122.4115046181014 26.808256361309304 0.40910547638213657
leaf_count=3153 46042 49012 396 1041555 42230 813492 9127 298
internal_value=0.000100364 6.94079e-06 0.0308354 -0.000197161 -0.034114 0 0.00418975 0.0711103
internal_weight=7159.86 7152.93 46.6332 7106.3 39.6068 7066.69 29.6694 16.9639
internal_count=2005305 1959263 58833 1900430 45383 1855047 9523 49310
is_linear=0
shrinkage=0.0964179


end of trees

feature_importances:
fraud_history_ratio=324
receiver_risk_score=223
recv_tx_count=151
recv_fraud_cnt=103
payment_channel=82
time_since_last_transaction=81
device_used=79
day_of_week=77
activity_score=72
is_weekend=61
is_night=57
merchant_category=35
transaction_type=22
total_amount=19
amount_deviation=19
amount=13
spending_deviation_score=13
velocity_score=11
hour=11
avg_amount=11
std_amount=11
geo_anomaly_score=10
month=9
spending_consistency=9
log_amount=8
max_amount=7
is_large_tx=7

parameters:
[boosting: gbdt]
[objective: binary]
[metric: auc]
[tree_learner: serial]
[device_type: cpu]
[data_sample_strategy: bagging]
[data: ]
[valid: ]
[num_iterations: 657]
[learning_rate: 0.0964179]
[num_leaves: 82]
[num_threads: 4]
[seed: 42]
[deterministic: 0]
[force_col_wise: 0]
[force_row_wise: 0]
[histogram_pool_size: -1]
[max_depth: 4]
[min_data_in_leaf: 37]
[min_sum_hessian_in_leaf: 0.001]
[bagging_fraction: 0.962495]
[pos_bagging_fraction: 1]
[neg_bagging_fraction: 1]
[bagging_freq: 0]
[bagging_seed: 400]
[bagging_by_query: 0]
[feature_fraction: 0.721677]
[feature_fraction_bynode: 1]
[feature_fraction_seed: 30056]
[extra_trees: 0]
[extra_seed: 12879]
[early_stopping_round: 0]
[early_stopping_min_delta: 0]
[first_metric_only: 0]
[max_delta_step: 0]
[lambda_l1: 0.375648]
[lambda_l2: 1.59954]
[linear_lambda: 0]
[min_gain_to_split: 0.623455]
[drop_rate: 0.1]
[max_drop: 50]
[skip_drop: 0.5]
[xgboost_dart_mode: 0]
[uniform_drop: 0]
[drop_seed: 17869]
[top_rate: 0.2]
[other_rate: 0.1]
[min_data_per_group: 100]
[max_cat_threshold: 32]
[cat_l2: 10]
[cat_smooth: 10]
[max_cat_to_onehot: 4]
[top_k: 20]
[monotone_constraints: ]
[monotone_constraints_method: basic]
[monotone_penalty: 0]
[feature_contri: ]
[forcedsplits_filename: ]
[refit_decay_rate: 0.9]
[cegb_tradeoff: 1]
[cegb_penalty_split: 0]
[cegb_penalty_feature_lazy: ]
[cegb_penalty_feature_coupled: ]
[path_smooth: 0]
[interaction_constraints: ]
[verbosity: -1]
[saved_feature_importance_type: 0]
[use_quantized_grad: 0]
[num_grad_quant_bins: 4]
[quant_train_renew_leaf: 0]
[stochastic_rounding: 1]
[linear_tree: 0]
[max_bin: 255]
[max_bin_by_feature: ]
[min_data_in_bin: 3]
[bin_construct_sample_cnt: 200000]
[data_random_seed: 175]
[is_enable_sparse: 1]
[enable_bundle: 1]
[use_missing: 1]
[zero_as_missing: 0]
[feature_pre_filter: 1]
[pre_partition: 0]
[two_round: 0]
[header: 0]
[label_column: ]
[weight_column: ]
[group_column: ]
[ignore_column: ]
[categorical_feature: ]
[forcedbins_filename: ]
[precise_float_parser: 0]
[parser_config_file: ]
[objective_seed: 16083]
[num_class: 1]
[is_unbalance: 0]
[scale_pos_weight: 2.27448]
[sigmoid: 1]
[boost_from_average: 1]
[reg_sqrt: 0]
[alpha: 0.9]
[fair_c: 1]
[poisson_max_delta_step: 0.7]
[tweedie_variance_power: 1.5]
[lambdarank_truncation_level: 30]
[lambdarank_norm: 1]
[label_gain: ]
[lambdarank_position_bias_regularization: 0]
[eval_at: ]
[multi_error_top_k: 1]
[auc_mu_weights: ]
[num_machines: 1]
[local_listen_port: 12400]
[time_out: 120]
[machine_list_filename: ]
[machines: ]
[gpu_platform_id: -1]
[gpu_device_id: -1]
[gpu_use_dp: 0]
[num_gpu: 1]

end of parameters

pandas_categorical:[]
